speed,direction
13.720337598183118,112.89262022737243
17.81406406273714,127.16342936389482
14.574136271796183,66.18210600723867
14.101943693344793,182.719047232682
10.357874622221539,5.807645112669604
16.01506544261969,324.32605057919557
10.592487917017198,50.63801763722235
22.781317510618855,5.616732225635863
24.294999435884158,320.2156288231669
9.191028709949897,191.23509219918117
19.844695912827788,64.52869493857412
13.540645768612373,242.4624393883345
13.93549697985288,233.77553562559405
23.433175263370927,40.5033054421677
1.9773777793477678,92.01326765875677
2.642283661384119,27.046868884827497
0.36181083853016394,65.90472977448634
20.973016034078878,41.58748611879968
19.075797949395398,78.20059431877607
22.250252676385394,242.16594894000983
24.26722710798504,11.11968671874776
19.936648881347715,43.984536686072886
11.738490008448174,55.2291408697153
19.241711062834966,118.56392489309786
3.375387275119391,103.17843419098654
16.18867907677928,89.83611094778729
3.3740588303850823,279.58566461075685
23.46535615620789,351.44519721813
12.934797253372126,191.18561832556614
10.618759325262328,348.9112637879592
6.930947286409887,151.39846659048538
19.330902365830347,42.79201221370552
11.212807890426117,138.5503207795218
14.076322247042206,110.56430299585556
0.24436712115692227,184.85462433693453
15.731660276879829,230.4165746736044
15.133229830551342,172.48413124584877
15.167287711380222,333.28982726135985
23.436768895288694,324.5361765842921
16.582537743192105,244.18767392225928
9.066149062507588,174.228808271159
11.058684164594244,42.73664697679214
17.85036257566318,148.14375778343714
1.0733830112821419,259.2626637301232
17.138750258453946,111.40749981109268
17.001430538479433,29.907582985255665
5.335640792686476,322.5280992806359
3.6933703850075803,259.60800604082823
7.996474362892016,225.4012744407295
9.030748402675245,282.7543410479621
14.690718839886955,297.471116225905
10.506473968290729,172.06204242465753
24.999686304102326,320.1971376683768
3.0132910441785765,322.0348812047807
5.633465204600251,95.13537823120254
4.006740532546819,217.2859726144706
15.944160417727401,184.52617948987267
6.574561632724345,184.1206313315988
11.291657095793932,328.06291720306933
6.468027857363618,112.21442952512604
3.644168253256552,359.4116766255225
3.226179126559182,333.4584448201239
16.829787284444,155.2964442089758
3.5435872727006235,289.4158272353204
4.979206256311196,273.2175237384617
8.871795809296716,242.93206352983458
20.519927073374753,124.93551031488803
1.9699197789650718,66.74546103348894
21.300516532558422,244.9438807981938
2.7291432291949724,306.67620507558587
24.671022934481027,5.70943892379423
11.421157734090137,237.60929232780833
24.486847859422397,152.22439273973308
15.426032020497015,332.48331005296563
18.32775335758601,111.60050014924276
0.561469984565583,173.99635694389212
7.529135682906737,178.03601125249924
2.990073661648538,42.52299138664402
6.937614841763439,259.93124998495915
3.3358801491995993,295.722894966066
8.3253446592595,13.188401665674323
10.094535544784225,112.93210993141936
1.6121973024102794,15.859933028561331
16.849821216793003,336.923675890725
13.720827167665231,248.28079025236985
6.269532237357082,354.10560753589647
12.932236036039946,197.34989012658642
2.2135563164177894,284.09834939627854
13.992323090093539,130.4031660081891
23.203884656122632,133.72502770408664
7.91673876605179,145.60512565660014
16.726892509946865,227.32928073774303
3.210313860301077,133.18111651552508
17.642471749213964,328.10488159448437
7.238849628861544,344.4937069297182
4.8541369996581265,12.16101959760363
14.245316873333172,69.20866521414419
0.28998153646208547,48.00362818321762
20.508427783241327,24.08479837240355
0.16351965416078917,78.45903179595756
17.25895843732333,164.79360290018454
6.664161825500001,303.908897558058
18.658434817093156,86.88780686926839
24.371126341650022,171.14183381026083
6.547218140502537,325.83532737850703
14.104104041996491,242.65582884452274
14.415740807242878,289.37539901328313
14.114263336135398,196.947160969868
5.3921923194609365,344.3713965399249
23.819484040846586,221.19036457322846
11.28991781360081,12.38449445887546
21.616366645902215,69.0585530173707
17.684499616806452,148.40076252302214
7.888834619417193,224.75183601645622
19.992949548911962,269.608829761814
10.222285848973446,156.80986959133554
22.02055353170194,259.4362152823234
14.101610096074886,278.7491090764144
21.69276024102804,116.23688268099448
17.010829645710253,343.7342127239117
17.933564278227024,237.42058686717988
12.610973272429412,313.77380119289995
24.235569743923975,195.6629501313402
15.86030261910662,268.1760667906283
10.574591853800268,276.31531539389874
14.815615972152175,327.06234035710827
0.23884887500878238,51.969510126073615
7.772940864534339,209.71928921211656
16.77820140250645,152.32894261057353
7.344973319589865,337.2672039400606
15.36460677506693,35.03905310588573
10.354460819600018,358.4518159546461
3.7253601963688805,311.4941648941857
7.740565914543304,28.78172252986922
14.533205813934867,174.9746464575641
15.019395394853937,256.4916024344618
13.946889206658923,266.7461348114792
16.284349222816985,321.3954828296831
16.69469508500899,285.608622920352
10.32458699728163,109.57765172792402
22.338174704176947,186.66927737436606
9.488229959302457,246.64220637506594
11.235652357599541,44.795807456239814
22.140018023556095,61.37305621562086
19.710206039286508,176.79248373577687
18.02055567303089,107.22882461874116
2.849765894766111,316.3963549161272
23.151744066998166,220.62441436977804
18.15822040960417,121.01635906289759
25.0,309.4331221432657
3.6357280630861952,281.2921908840683
21.417510963823457,5.352513588604097
3.81080865504542,314.9879274606115
15.58297724708465,148.74880214439682
3.165936261447965,48.11705190802458
21.669150553088482,295.86555084480244
19.95536977078602,25.70467142516671
13.967376448508398,133.5235778881885
10.026116606308111,324.72246107597493
1.2767956472282695,347.78783124659526
17.761001518168644,226.07911589061445
11.756106553210541,253.06807951649697
17.612690669257482,16.736275874683095
21.726999088540996,179.26036889095684
24.222582003737866,196.0381222419581
20.943161381052693,115.43179679039777
0.0,22.27957560052618
9.246809070635678,89.03280908272701
17.91261310661849,133.91233799016607
4.461451889924183,164.46486298415624
13.494706409048405,205.22283336828374
0.9391235699021574,266.0555493104053
4.66208399549586,108.23896486376475
0.8450807840411761,127.20265151288442
19.66091382785849,13.932353389293217
5.956974111073155,16.822759243887315
8.699880465485712,94.3325781359853
23.003321524282494,268.8655399417642
17.35394031919689,219.74562473612056
0.7089236927067025,281.2396559037092
4.238781599799283,286.10863862412987
15.68341594885981,301.1905693568669
14.091932928396707,251.17627855683475
5.638494299359729,354.4029488538786
23.69363642313466,331.4544319900034
15.249192785832449,212.38984041210895
13.700019667774772,207.9781718007252
14.84341841330297,5.817784747875931
18.229591078437338,352.9310131822769
7.761051277289192,45.30375288716263
9.888791378902791,261.39923530950347
4.88213706675656,291.07877680314886
4.394405186252314,138.98555460156217
23.826284822579886,72.55639955479839
18.080103674400966,36.87879633020047
11.840707241379775,259.8616224841728
5.537961814470737,157.76616889532843
6.453559725692866,265.5112430018011
1.6705810358680826,334.89397082606797
11.311308749323643,55.45196663231175
7.87262799126239,332.93891977962204
17.774392476953953,145.9475061271769
9.739132207700028,112.94126226256729
4.294663489772834,329.77618203668226
0.3268881998702007,0.6343846308409979
1.7609310963264495,67.09309239268705
16.919121808865206,239.68478021434225
10.96950725439103,36.98390457460606
13.331104492700035,235.18106179110688
22.438696006227048,295.1872957006629
25.0,237.76405754848864
4.957963082496194,148.64511793450197
16.973649327673332,133.45527645355043
6.255368743126419,150.08823736701765
0.18449824122578729,209.79306521172288
19.188481856240028,312.5826973956504
7.730278298355377,332.41716129538753
9.873962168894275,27.490330337884647
14.239220366749917,58.6862246198862
21.23481267005167,42.25657952916323
15.775956358932538,75.87134426176893
21.35604968421333,115.05553684276133
7.306044920092486,188.92281945559822
20.19855262937236,219.72005712619213
4.617502530692065,272.3170696616095
24.253391019922567,310.62509703848116
17.43969831870154,346.1965927316589
5.8719936555095185,236.96767632047712
24.157783520203203,301.68616290100744
18.064582459827367,276.4198241695837
6.579220131514235,104.70499079734024
5.6968571259797,317.06067115710715
13.424928874215851,25.136427730930556
0.3267499526654347,9.247884822045183
4.733290372406919,89.10102106230923
11.061001296116208,175.60304541488182
9.001497181027629,228.6589585080238
11.58347813710845,43.842920686402216
7.068634900564467,247.7749766645747
14.654705506885511,291.6219861863266
21.831799508106645,71.47027672691807
2.4400342258354994,141.443253214047
12.79813811995727,178.41854532526236
3.18469236099655,160.4418634798569
18.34172556709258,289.28021221774327
10.107843850716002,353.53203696468364
14.077662117112041,277.66238193489244
4.367331929977379,34.360588436046584
4.023035153384505,286.80699759965023
11.995398269202912,32.46478382617309
8.741392182231671,87.99424244849835
23.29110786637089,47.073258836675045
19.134367656960144,79.5715152069541
18.835231250190986,184.3699782363209
22.77542306701595,247.17557162185994
1.9063214479654227,170.49984966959553
13.986764879527486,338.6974929581375
15.076002663666685,85.53027443985684
24.528073854152794,268.5219602086153
7.2874617161233655,306.5826573360902
5.530900320270109,197.10130332320293
2.4105358937055286,162.86271546064384
0.7972458948910597,217.33994611814455
23.172674575023294,164.1314712499197
16.86213799639944,196.3230569361124
19.820133681789237,150.01022122002865
7.424420337916899,152.09932094715467
14.527604554779337,251.57150954743364
1.3646550970708335,35.959171739319466
12.633036860685246,66.60691653881918
24.303788393913997,298.33905685727126
22.379313120288284,275.3795404270221
8.247354689187954,97.6500496840931
24.029177230176312,144.9518437346537
6.279162983113604,329.2920769333009
23.584439268139523,294.7439322639108
23.0426299062922,214.6613992575493
20.4161237043146,70.32516911029201
15.362174701390323,14.343650014171427
22.088649414782687,150.6303894708903
7.131472703248809,238.255229735174
21.596190809576562,292.7749287109749
15.509319123951284,316.9666650075933
0.5593869388655054,8.52633757154934
8.946296918637898,96.97484632898875
3.5770593308567102,126.2342766532517
24.121539008575716,75.84953268046175
11.555514400624013,286.52963813621346
12.477289980328802,271.5592275595837
16.136082235955268,187.1484690849977
9.431800393538543,350.9363193809512
3.468520681792647,58.1047827963278
20.863639675857595,328.1594126949984
4.788133687183929,45.391993513779724
12.369854853773452,58.1717579992981
5.968069224673131,252.7862085247556
2.887795218175941,34.688659560889775
21.15108973765286,206.23650306281363
23.913913155398635,156.92678039864361
23.77760885972406,263.0256647636385
22.975264520831086,330.00379334519744
19.34715834454518,286.6706735471694
8.326261957806889,301.46418384544893
1.829965994251606,16.73321594878906
10.118136324235776,110.04614906362293
5.326340149543503,181.66147441550063
3.672573948791181,155.81328323126354
1.5821904046532915,73.71435080620225
17.666849396696165,107.06397445342603
0.260139737843909,348.54997470070344
19.149148528574944,101.6756168109444
3.744819103314089,135.69936565571675
2.226690776131144,8.468844189592938
1.9222735008881673,296.7412347263107
16.84526631753675,59.69006973891259
6.589168294483651,70.92262735407095
10.360043519206158,92.21231211116091
14.119157719804631,319.78441600644936
21.73681003905244,71.9288067909231
18.53830419796845,280.7690017841376
6.574102273796194,296.37131579165197
3.1227422362575856,337.09049681050277
1.1721556198029095,35.344159744778885
7.340698425976716,85.96029598237688
6.513836859683669,261.95168822382425
11.224952759177036,60.61569067357969
17.337841676449038,97.5921859230977
17.488557181241934,50.52915960363342
7.422469596527684,55.919702088544845
9.002942275267282,169.38296383346255
4.949261162259848,34.73818672155779
19.717116645780877,113.9557395340581
1.215451169163094,162.12087902762786
17.71392595117841,14.075588256109077
19.493492023008823,146.2971734053997
19.39361770443008,33.18786800021722
6.4793381720473375,172.426475717115
9.768980307701025,292.44076137812567
14.38815037984919,289.5070142520751
7.137899677177614,34.33237834699142
9.198426788903287,206.71763085531893
5.402092037891877,293.1017170594524
11.847819770492425,91.30457718908377
1.553383313064217,279.7615149035615
19.826268705092478,315.313445590317
1.801601995072233,284.2664379288934
13.190453468533102,45.15874399546384
7.816691381027151,356.9834544542406
13.975958431813032,70.62870490900372
23.94850662591524,91.36592130476501
16.00734001362039,222.65520173392449
1.0169780061638525,137.871218638091
11.231453809436939,244.15105904754756
12.908629220983153,135.2981438235356
13.141001578699525,49.86729663703886
17.29704557257853,112.29581953707736
7.432079949992033,320.1391939099229
3.6449560701459975,335.31585432149177
9.471431534153062,78.39296515928444
23.826609439796165,290.5679107173785
4.6071703863276365,102.66547908145316
22.66575889023938,311.76542698187916
13.813099958640192,63.72385663360593
11.038503692357361,240.98379988601505
21.88668527329596,29.49305093766122
11.387857737245422,342.6970847155768
17.76221390157986,243.96417639346845
9.668080056180912,310.1025539157856
22.125632471786876,202.63330717642958
17.551561893483772,163.65365510493746
17.218264946421883,228.42645505313718
8.340562471521325,191.6074209461046
18.59110688505041,174.8689880915724
15.54294049805983,266.09804841921266
6.295541878796093,61.53681033581803
3.8260876780547575,57.195378362061795
19.73475896930089,152.27510622804633
24.175532769487102,110.27449379920601
11.278797134974976,32.209056618089996
15.187754706405835,306.266096675313
21.048184334301673,278.60870362413834
11.558365208070832,192.09279386921347
24.124862293745302,358.1984096303164
14.469085757842102,19.036335745680148
20.716559483216965,283.9079216468655
22.471194070091695,105.06705889295502
20.659397866244504,128.70204267526938
4.10218271033548,75.09753731471821
15.321928852636404,290.5366143186852
10.12666350000096,54.2064497533782
1.209996681296876,299.953553448096
10.97744237725096,231.43404257827834
6.015004559232311,15.07139783468481
20.976137717887635,297.6262738513729
0.9807571348567362,216.33891275480244
23.491857699328037,327.13156362420403
9.01751365417653,262.0484679254208
9.028134412147132,196.81057208310972
0.24493390955324446,299.33361663059804
4.247002927138878,109.35995789733906
10.50525197371778,195.80205604583105
22.989751910648124,114.87394405973389
2.808430652078974,353.0381529037478
23.59435012425463,79.64224233194574
22.016562535942658,6.058039836659035
11.514642061509603,118.63160275353488
8.379707451357865,172.7854829906977
5.696224324612208,3.5524400930243294
15.103661561945394,195.34587354297025
0.8301870861915057,305.1216587526412
0.8541192131791495,254.08286651819265
10.272464576660335,227.90967307942472
1.4707398994658818,336.28158210673905
6.628828392127318,338.9387122414446
5.133777152511727,287.8740581452389
6.558337586605465,221.89249000536174
2.7845799209675177,170.02485222814047
0.5055876035581063,357.83661786280726
2.9638582115948666,212.51741557659707
15.411240772629483,3.420168364502956
24.159001747752246,298.2358258071551
24.69690627180515,114.54077688439646
10.086987377978339,61.562530342954076
4.546906893433363,289.1627346204956
15.631272324936784,264.72780139640867
12.588821822325178,349.21476380047164
25.0,320.4989156304978
1.2036930794246246,196.88667641008712
19.559882463298294,45.36682333891493
7.608191234303352,172.52087667685
5.6311314294012655,111.02106518564176
16.598517620958177,192.55499735692297
5.946458891915329,104.78984978365489
16.773661173527532,310.36010821264205
12.628581889116026,296.85227001066755
10.591721920701579,119.15527570814574
14.146026468092263,225.36535844105
7.059006196148738,152.7048952862647
17.166187151605005,333.87173983419257
10.518050177407153,72.84836688811401
8.98426221209211,259.58609441540267
20.24553666172616,341.64074167615576
23.000190133801308,54.801305204983905
0.7380706541474951,74.04536781972405
5.531796840314056,252.27110613314463
9.14238405945934,286.9730570230316
20.12259237180999,168.39091824804225
25.0,229.37704608043018
24.098787516223975,75.77921239510958
22.26904230007824,175.78473813979102
7.335740233453588,46.40618002005764
24.877577796786422,106.56756928257197
6.070455566914878,108.69261722454661
2.835767753439732,162.7157685844495
23.94631991870093,336.94622792020283
5.976630713289982,67.66478046604068
17.27763456644842,149.65471129344763
1.3284015380359486,221.11976565228213
18.169177035106596,334.9447608090792
21.864894270845877,39.033650505074554
6.636450020571673,328.2472439761835
9.069806499584539,23.588466502504087
9.106946330465743,167.616307141869
18.569928140027276,156.54987430437328
6.176682420320421,72.31007950214547
3.9186927102127735,126.95747614824076
10.911939392310876,154.6606230189772
7.275002326457731,309.87602288880936
21.173237028393746,346.65311002990677
5.448751629750794,192.67905735966121
12.39542421569403,316.83023832510327
23.09726316415519,216.8175357110868
15.369552944935622,131.99835381846546
21.369202317077782,73.4008728912307
23.282308396595294,141.4355401285483
19.199416886205377,190.11723416831762
17.880007552917675,12.13160780645301
24.528974498784073,61.33646638163191
24.75520356797877,224.14901365728736
11.130627809423101,77.49257406632417
2.267477126800305,310.48570435281414
7.0484691319844455,124.44325045945152
3.6513255198341636,47.325182090730856
10.786976998660357,38.169397906164896
3.355906723320959,333.24731443786425
14.800470106898759,43.04475045799916
9.741717204179334,55.56328780081563
22.055030319768214,311.2775407072123
24.130976615057765,85.70821111940008
13.725084859094379,235.26078230771896
6.905643803799465,288.02343422877846
15.205703005961725,215.34708694526097
22.529363558268038,337.1345353896237
10.298350838422174,250.63865051973104
14.258488507670439,38.47362888614362
6.898725746865505,195.3438768697827
11.747579939127075,264.6338077545155
9.788473696765738,296.9255766945624
5.750491649108403,14.527143112607744
12.604528380975353,265.50559738725207
7.725006616931293,288.5567374804099
9.052417129314533,278.74766863106714
12.958438659125976,177.65179677652398
19.07070639903018,155.78894325977905
7.9040953962506455,193.74106557702103
22.651370140154487,263.5859852554228
21.749092556979694,332.64087344484193
1.5224237893444772,225.38241184304368
6.014328060096464,314.01302625502683
11.52108210220134,249.19169161593828
2.5633375611867306,22.423810120452057
8.263929537842468,184.38962274625624
18.54251222122828,106.65788702976585
16.791093418237793,100.80125229426555
15.25226047642177,126.52757106649827
17.916701479855675,122.19757878402064
5.286549373878551,208.80278744201604
8.458820094116465,238.20753381250015
16.883136353868565,89.85194121083764
22.063056258862265,51.31948567682896
14.038446957390573,17.10819689016569
6.9643968123959485,200.93006300150546
1.1338219600299975,73.48840436886931
18.03338061902857,354.4750786915298
0.25382202968593104,328.69137979724286
8.936661942247195,199.0028128736344
12.975011739177228,33.29757885386359
23.078882892580367,297.7172404466741
2.2296247921448846,345.00938373644243
9.648630498845586,169.10267695966562
0.5234186948400965,23.444654944804054
8.561581968268017,40.93870456394615
15.351688611653481,129.02912754421635
6.786393354979481,320.95755478507255
5.506535088613867,54.11043489307121
3.1508366768737597,289.7914656741501
14.51174603218772,13.043518219361204
17.099710355257955,159.21331033075177
17.047361027963607,238.22410643918042
23.46957184770678,18.368009612970262
0.19934974778817927,219.283224485719
16.303927317480152,339.9140843709747
15.283457236519714,64.61134418744071
15.082317458562365,264.89059944732384
24.181842100525312,218.26674123606372
0.0,62.62550438578825
16.975758486036995,0.9889342725668326
20.6914514915292,5.2784425362301715
12.92071251380916,185.31342673747181
8.111074889623023,332.6632305014876
20.113692842945554,227.5537661473703
2.4933994505118453,249.9705169261279
10.674879851575442,174.74324255571372
12.829162522330972,206.0570840246733
17.449843060383444,41.812112239826135
2.5408791697850077,307.4688387091599
5.5187733961841525,277.2692088900899
10.360471177730671,351.74193539140055
15.521840318638104,103.36469037751442
22.30588996275021,74.3238034380369
15.64122012901812,44.33484749147925
3.1114267612926176,352.0643922550576
24.202413174995307,274.16342523734954
21.309999305451868,67.10286806532397
12.560384569346539,199.3014417853879
22.67346216162166,141.1120776251722
13.368303248823096,54.859575690601645
23.28352391627243,58.33168174104614
21.07899264612262,344.3970447432066
23.735248249312136,108.31015136530225
22.579572898771325,335.35923355349337
1.3860001188326445,34.366927445851246
4.105755817182438,163.40834385180278
9.659532058473955,51.94022502003735
23.337024560206086,352.4959140873801
7.117840854426955,201.92228618588905
3.926237714434473,47.980390307337515
21.941674542391837,259.71387173231335
11.366646108609817,252.22591919778404
22.51368983661511,56.53070205948311
4.046365076627994,331.87030162082897
16.967242247393933,260.37343924790906
10.681509125594221,111.68214603483294
1.5157164200769069,260.757050821765
17.368867727391557,256.1481390756036
5.7221799247876435,133.0690391241439
0.7647563545755744,144.25685492755943
1.500443792976382,129.3386504336977
1.1180331450418168,230.99675605550615
22.926219801676073,324.5222095176556
18.11735508480141,55.863096432057255
22.383725535485162,312.31703595571895
16.872695789284364,1.4820158370674754
12.76384424509042,237.94395628596118
7.139660489613529,140.38903342849343
24.825397741407244,276.0969401983938
8.940196100101085,254.4663309733138
11.453994027456826,170.93240720199148
9.076033278717802,228.78384056252023
24.42304686275307,187.23838599118304
4.799265817357367,288.3134181132026
7.992342072442428,172.72060043398787
16.64613107677536,185.33040009170844
1.1334068376276736,87.76877398582684
14.795385696011635,219.05174428781598
12.082756306306063,118.78756185467454
6.7951380813119675,201.9662882115228
6.407751541691215,68.37693837580152
12.978872631906137,64.23701797782135
8.907881658147522,157.6112832863864
11.780304791241024,148.61727040939596
8.445307858365878,105.11482064633415
24.441492336066926,50.58524823842321
3.395750394204466,9.492425410867945
2.898514200970614,8.03365073605747
8.396243316325865,102.32971859596678
14.883377335022749,163.1120653423896
16.283203387107744,255.73771497345638
9.509905115941311,173.46803038742843
24.98764348619803,320.1552632117584
8.352449430409427,3.057151012421821
18.273662628663928,58.80288753773176
15.706210982659329,112.14746127286328
19.976985636018696,215.38754205469402
24.147702421087956,316.06418081148075
21.909188249538644,121.1379318775604
19.48175932741971,95.00809247542766
17.224040884650872,26.136376037846063
7.93868264587973,303.48135550288754
4.033701000524344,128.39586025705313
1.8645188231197385,214.98147918776027
6.039612224192014,355.4430175441601
10.986833769758393,355.90858428186624
13.199568099737938,51.859400653650596
19.232630655985368,288.53598903871807
24.26642618636331,298.5380472388942
3.2696638345073814,267.76517487485796
2.7816328959206125,197.27233840572796
14.907225551055069,347.8276418634672
18.560582200147316,133.4070243599873
20.797853636370295,217.90996933310413
23.478213769885294,16.837427450058165
24.533858780257596,146.99022716161517
9.506379083148328,252.95044716962178
9.632679645472006,95.80238483340408
3.8456086653692454,332.1822654100906
17.44480126418809,245.87276677521575
16.002749170235372,105.52362949524618
21.2796109944451,275.1752471216989
2.249744119565367,32.79639680106406
12.375457368440166,342.9984339680939
14.242723807933631,17.751598739242297
6.32811022806872,326.2389861182913
4.338062437218432,83.34503116288735
21.593570334258708,279.55283147828555
1.1918560223659047,359.93682684546354
12.039575523796357,85.0379816897483
2.5484111752240937,277.77713576668435
11.62111568465808,196.37245278388045
24.843026786169773,42.17128948706158
10.581064335579283,142.8318555330867
21.645140906546324,133.01651393348055
2.528057351296831,197.25034559679963
7.255204877089007,231.50609933249405
10.306437854132511,311.5725178368301
9.62456304747385,183.4485904688957
16.587043564734138,135.86711859608454
8.970575792600766,60.018626106057084
17.69122221964279,292.3892181304854
15.655610114969274,262.6085346777666
10.360268519245034,143.4973101273173
10.946970175605463,194.16398553719085
14.878567401507775,246.58052922987505
1.8231690977881705,57.61032004061663
20.582784305741008,16.272446148091127
16.557658577390953,114.32662872085174
18.1462139363833,222.39576132292638
13.15541723066337,167.09222677750793
2.94056589348905,253.36389991484106
10.194276359244705,290.3390609083958
9.930292631618668,178.18015260013345
7.799033093428455,48.32855278643576
0.580832472503321,306.4348434503207
18.16071996460137,200.95772738498684
2.978609791375427,264.0920438290416
14.890269517291843,260.84768332862814
17.48213788820059,340.873640984458
16.07770603718792,101.9100758257271
24.043798544808414,256.3842990057775
3.045028248220386,125.46550393763393
21.463351034900317,150.99225617227742
0.9480487775368321,82.00068913664398
13.60769477040639,122.11136569850005
10.016141969860447,334.515165681457
13.126644756436738,100.5787931848369
9.261090362453544,86.52874180115852
5.117893906231,215.3569240731864
0.1260056694108036,94.71478369074397
13.167485965263163,170.70767944614272
20.683368849111886,300.36840024272396
9.263297883276152,79.45920187031167
5.654131021920652,150.10635504596405
1.7488567738013925,224.4943301148991
1.8461440993501266,202.53217795509147
6.014072163537685,349.7251397985486
2.8127439090307464,238.3006461500666
6.9232959613128555,275.629990308113
1.6707599470937708,343.21853735218275
1.3009479485247675,157.53022566794488
21.231477029256244,127.87680803963976
3.986438068892676,14.494785125024864
14.257318406037447,75.01671673307833
19.473163288453833,94.53103198754758
11.1006838020847,67.3403536782498
4.0197289318620335,276.02172814328634
5.245751004102564,189.5808752920835
11.206799736532107,232.98227977408627
12.984387943812406,294.740657913707
8.828005393801224,78.98430249578041
19.944815650817894,116.36955496609151
18.375878555525645,261.3907314489003
23.645749080078737,138.31977352732713
0.778457310259231,12.198950492130926
22.693903199056464,149.62064432690758
10.15547377558382,331.4105011345755
21.49423248044107,148.58604759887956
16.7976531710222,119.53840886610973
24.783132044667,358.9266239727934
19.40893996160441,227.93074350254042
9.45818150965816,130.8037137970334
12.693519180457251,42.88589974942332
9.633770045767593,289.5358119584904
9.258865407738153,260.92258823369133
6.931625961300131,339.978064560515
12.227145603840915,87.6586833571881
16.601165623046096,43.70081986440687
6.928731340333009,255.27563091045315
13.144643325510389,64.54159631353221
2.9882215118542037,70.48669044169554
3.6371045839176834,111.63768447740338
1.3012821388565183,291.2430765059801
24.183289096413503,191.00219580266747
0.07917868336048828,13.970046911367252
4.108747524687283,160.97833880132768
14.90091541794807,245.5858014463131
2.379643905841366,185.62365951654945
22.206138074935975,204.4865417454302
18.36188496765194,78.18610913797366
24.35419267467929,303.1684039050459
12.732837122006938,207.60245116165092
7.9779491624116465,249.4663136459677
13.766611380750831,346.11649097247687
22.800971652591706,159.11052916789575
13.502307249890645,319.0920462262687
6.252608441562483,353.85572459703815
21.7495170930208,9.64430655001048
8.801835197052554,219.35442988502408
0.003163516357758689,122.03593603680257
6.576272497402644,89.3950902833292
8.082895857104479,96.3477685802668
21.27279281021104,107.22915570402557
11.507979393016354,254.054595913302
11.061541854510958,201.34503840167957
8.693089995404922,281.6818623970544
22.41844837802692,292.6613773424339
24.056215997671845,305.3222822405427
24.417499831091597,149.31489711295833
9.18644986141543,156.63915261316055
24.30499557949058,324.71044707696853
19.714535460640825,245.9776181197432
16.800055683750745,33.84079746557407
5.735619556734038,202.5256360113642
5.413863286990266,137.1140568331682
4.188516784934095,0.8611099757902139
23.541029151558348,9.502886525024572
7.429189895940001,217.71927709758745
10.869881223747871,259.15522816674854
12.261426307611037,110.46768284139895
19.143542592454324,355.36384361142854
20.643437651714347,317.1604922897001
3.6447601248283115,328.08389850030466
10.438116727410861,0.6115621684643413
21.15701733156544,203.35874797266658
20.693855536429208,114.20957813338809
2.3559955073628154,308.64831572090526
3.832305914189166,218.68065634980258
7.720399962970853,191.26977287213757
1.3977027724098883,40.697340704522105
10.208243971886885,197.0436028776378
2.716938994148847,227.492467551571
14.642319050235427,351.73697892599745
6.377857461890354,212.1691779670298
14.663195947443064,338.42747197736776
2.5577758128353594,342.5840862176488
24.093824556372187,235.47219734967285
23.34897991392835,179.9227031813278
10.095467989647219,172.39097069441044
6.242347719076037,320.5897869505518
5.80340055076298,8.732960451337483
12.084020214611495,39.92790321521586
0.5042946742296572,39.794399658599716
15.750020427209014,263.38989353076863
10.211041317872938,130.68531624013696
8.964604598088211,219.94350796808124
20.321872374092692,218.22157012949137
17.241592853095078,130.95944412079942
24.194740027111994,190.41714893719828
8.422793279033295,225.3682817690134
22.549991852229702,335.31543865170534
18.774884888301766,209.9486361543119
8.467969215920764,213.37790320645092
15.200404159823043,17.293652602995575
7.475811887634821,334.6666024313113
21.508639518198603,189.04980542707185
2.45076662118693,293.39715169992303
5.298604883020514,25.697650657863026
4.113948177235976,158.6316166309689
9.729461014598645,101.02386001268266
18.456865110278525,96.32698429178151
12.696380302685176,289.50612099317976
11.905679373880051,232.9243559469878
0.17543616813469654,153.98069517404474
10.395951723105018,357.220450516682
1.8907148743434177,346.1435944402835
4.983276914476846,355.38476145046184
23.61208930624554,80.04485591084494
5.687403764273316,7.287228913111759
21.63060474238793,187.35480218320816
20.259843261863317,351.7410358505161
4.259015514263395,329.0536812203558
15.388332139977045,209.84526433852923
2.671491976275994,100.09026703476859
18.374407004497158,111.63774684913372
15.895904895149416,326.5839693931589
20.689758048244546,179.22952557390238
11.702338414112784,46.682955545489385
23.03919726471889,83.33952179796121
1.4658954653415686,104.92264927371811
7.3447434835929055,51.65283136544825
17.601054774720005,167.4507272194091
10.846894477462584,333.8613571964522
4.630658170348523,235.20357592355083
2.7530492169905134,22.571467039023453
20.592394219724852,2.43032734894258
11.954063266700146,101.80256077567783
22.293527618725822,136.54710226148987
17.894106126376602,288.5974178504731
10.149600053169475,341.5239288586518
9.759755472610003,145.2040107399735
12.811312475718502,249.20670102344377
21.95269609119499,356.42729320144736
18.332904457966972,273.5207789833466
0.06054710218734105,234.12566344114316
17.644025712467247,25.819344736402563
22.92774850400349,116.77179230647599
17.264904683656816,322.7222770482709
4.772281686395648,77.58077945574826
11.665104766161683,306.3904826399446
3.028635801243661,251.36060001154033
8.6363635866743,138.9458204396926
23.54274127045215,181.7823823402861
23.223886549609407,203.2542929728636
7.304627706634663,249.36340878005484
8.65586936825018,188.17419240488263
15.136673567330885,53.810599080230624
23.88435152077902,275.55305229480757
3.396849489098117,145.40162054778406
6.332759453858569,338.39583734133925
21.58152719665203,94.46351328648429
12.351814190011927,88.45369143197641
22.299629504808554,126.40372915954173
4.709796658354351,206.42579159141127
13.761077431073028,320.90013428800387
8.540381900827347,65.01847055274551
7.818899478943981,97.60580862232129
11.575302081867862,210.7096506888924
10.578649791936666,163.9497043968732
8.6834428854736,155.8496173467255
22.50341060980415,299.25051943034885
18.574648243546953,329.06842836295397
18.097971434078964,179.13186961972733
6.764139439265192,244.10326546031447
14.25032999203871,289.2501698720121
19.87435507222875,177.42224246227295
20.232530568925853,107.09646333937707
8.700928445456437,238.8497679142292
18.900102020654398,206.17214740972028
18.127399229888276,323.9394142640738
3.6174920005597055,23.423792728141578
21.20167592061869,326.16988777137425
11.45731108912439,191.6473856237272
12.477883941393557,357.88299791366626
10.998911140116727,128.80072214012438
14.31750427402963,259.62313624627416
15.69814518442334,181.25527772370475
12.851997853327488,351.6643557231384
21.81232328012269,149.76883218287426
16.120418769736435,117.20235652107979
9.946221723331481,304.59132155006097
9.919255204625863,193.88583358173764
20.60917094776458,244.66653544806618
8.553184954007232,291.80916997626724
5.191045711558215,238.3039889261522
1.2505530051892928,148.3276075604494
22.32483322750646,54.12017987093699
22.562491876405876,213.59761762305112
3.1607672417162584,325.6953709306166
7.894686883106578,146.2703518589834
4.630404607973725,327.7772211231658
2.4213500658458154,181.80032621998973
22.844473455886426,231.07136755690675
1.8205574335517942,300.4224990767616
24.47910917642328,198.14185203599308
2.777349089748128,38.74610565283942
21.95034109398304,347.6714836019945
13.760555606893728,92.4746500554312
9.611088372490785,264.1134536168853
8.58719088682836,184.68294228345812
18.54618477379292,167.86390496218624
7.902083352634937,95.43407251015088
16.41711264361921,261.8284405335079
12.48868852327767,49.896855195856844
12.116568351709093,349.76859994421824
22.368025238583133,304.60062015671144
13.504640774563152,186.35615489257626
21.087436980942847,160.2901159843232
17.76164046047135,98.7072257936037
1.099515493177869,175.76800249330353
18.82983519139906,320.6145776611569
5.1148348260394325,95.50141511875458
22.362677606799757,173.2408691271808
0.7087898701843689,77.33623464941792
8.794292547165306,125.91069858572834
2.9333990592394845,69.92458181887744
11.720736686282034,349.8726468145904
20.48391719220163,205.60705093473337
7.732153818516679,264.38223432376964
3.4682227790545634,41.653782898421355
7.904591906470321,132.38059824277872
19.889472745722355,318.73394797902034
3.6814721163047444,23.171967674751926
5.708941219065947,60.35074557917758
2.1306542247986275,224.4829272004191
17.221101983989502,217.12278375578356
9.65643972853834,307.7408163545919
7.526107757150284,338.96598082933576
17.544041448230736,45.15803954482404
8.518581384319756,85.33734974631216
18.40982442053592,152.86811010100715
20.15956013424368,7.8031878329429585
5.614729233361809,16.41683671257254
24.515665059041773,75.50444479058872
4.479207610380361,166.27134683499807
7.387712222722714,85.39631582384033
4.9370487528836975,312.0948251108388
8.727277971992565,109.32842272084787
11.98089425127742,335.0409381555681
13.325092914155304,352.06476374105245
21.54374990948613,169.13178230132337
22.034754465294434,78.56971276236706
5.032170370679167,106.08504428958958
16.043881732990357,284.20217938341796
3.2799869529651837,97.49293633247918
11.721720083034374,130.23399789654587
7.980344915656554,175.15958650781496
7.862830694383172,197.63444561163283
11.881448652309485,2.1175136490577415
18.140884608810843,82.56361075061979
2.0857456460435433,122.62034977623063
22.095265056713384,101.55623486055168
18.677494992715985,124.77531052064602
3.963574492884134,31.82618188873391
23.155426132416867,120.08573119673979
12.462167244070473,320.0476391269604
25.0,105.05024988408204
4.635769779914803,135.28264140956784
13.625071265456445,343.90973295323784
7.613185620965109,257.4937791701265
7.607348766951245,185.79468540938805
14.598217103728242,283.51780195767975
22.677210876585598,50.447656241910124
19.668215563642676,164.98012413915794
18.20585530809843,41.05228808621575
14.135036698221635,74.87854450531175
23.424623099325643,42.62535604495843
12.096781489388285,126.11582441801032
21.35761809553942,129.2706329528619
21.201425026047865,346.5473864152231
5.583877149503461,98.87118728969924
18.855166658120837,166.04753299954342
0.0,283.3070058425107
7.6086260344923256,287.6010112037399
5.295469664432416,260.46122302118744
12.416488693806174,109.59723284173693
17.977640046698667,187.8807676744455
2.5994924226012577,74.37259187915177
13.033756005996409,73.36130299907471
23.261079397071107,152.04933070626404
5.880588752262569,267.1562867153783
16.93419186047671,183.11543851022788
14.552655292733935,320.20046174991126
0.16151043265005027,308.37741308578256
11.948477252120597,10.012192696356648
18.169858626760448,196.46313244821283
0.8711677920855343,216.2259438816852
22.341539693461634,351.4952916271854
12.806749590712341,15.816452765781913
0.3290828732724911,191.0666963505487
5.7650245356950816,69.96517658441122
23.411063483073846,14.461852452362661
14.541765098751657,207.85799610484216
2.602486050685871,269.999984062106
6.702886100505722,286.5038146728014
10.995702392365935,6.7603191755362015
0.6877971054435229,153.39079270412395
10.111650577026511,19.06483580888674
12.208597179104839,80.24217357811604
6.0003098851923475,60.03401404217432
15.180165304806467,82.70940452706809
18.67029531938071,116.77743765271032
5.796182771372005,96.19378420620366
15.383291915821035,354.7950566670917
15.89508121768702,131.69455302752098
23.370320549113835,322.5757270354359
19.450638145881726,66.99964068162006
21.388519234614442,282.1692610240491
11.990464957643535,19.71507518203659
4.190897462470715,169.0776682067177
25.0,359.9077006593222
3.7056451073113297,293.6621795983596
11.497679693149655,342.7655534786504
1.8423730265751894,15.964110145230125
23.734313242126138,329.97696951716233
23.831434107749313,273.41666195371903
18.217720465627053,129.17725884845765
8.921076665161102,333.1828266486242
6.423629548341876,106.07543846867672
6.535098210421187,148.07156980646567
2.8319291158895794,40.54496444402322
13.55798306392964,242.74532700506168
3.867327459198473,17.24432660010565
7.593915779548781,184.48215366131888
15.824847689439922,244.36760737251012
18.576614092035783,297.2925618014645
1.1004421246250318,59.020374152802454
10.620410318678225,276.3237763555883
16.53322484327854,255.1275440353466
21.71532464481965,194.2606906104682
11.748393070106003,213.19753902418722
24.209285912150403,36.42057746015835
7.1381673696091585,207.72950830775915
0.5966865245007308,143.69648471651834
11.876023058856836,307.4322275311157
6.344202498300274,110.59273257682224
20.60076086814139,201.80591188171405
5.813117279562844,159.82075234857052
8.148613849550483,318.78954301948403
19.568816239425868,98.87490248294307
17.799809211628705,23.004993516703447
13.585878225439533,278.7494367127863
17.211680702533723,149.2379913856903
10.168098860807854,219.441017194705
0.0,14.22975460448226
0.0,351.521769876997
12.943869688784853,314.24503315794556
2.544757002710738,225.07346143897962
1.1609607335431855,359.3802532286974
24.359005294808227,137.9981895096272
21.19795883842946,347.365990280152
3.5210628084962807,245.19576644612036
0.0,53.74057976398426
23.77831882874127,168.23942758227372
7.276728602507461,352.9220868819708
4.168717408747779,193.88632547221843
17.22611942259172,6.08723096618485
3.2149750574944793,226.2572177544569
6.367310023208694,98.29527230931085
23.972598938407206,40.49000827124138
15.834221101470582,138.4247075602582
12.679366250043286,191.37289238301275
10.225845624130539,10.708656011097803
19.347549764604647,197.37614622701977
3.4155485658225517,191.71490270107964
23.80474482314743,276.39831271807776
21.24379965135438,152.89164671981928
14.949107482426028,191.32744936402776
1.2705187419306658,266.08460660300335
17.970030196207727,331.18784519355256
22.608566418538064,134.36676596970742
13.532598418303294,218.1732103762826
8.7253424534468,256.06805933699644
3.4314377320890164,19.047304813262194
18.60343118119311,294.65899337192315
22.046072441709168,139.83579827579123
2.492647218279717,250.10331700804832
18.542989109327287,162.91499792193173
0.12108041829358074,247.26210150220464
23.91180057029095,253.81615662199505
15.56936806822749,63.328679820484396
13.546429955813045,232.33048958756447
7.297433059414317,315.64829969727833
23.099072008796597,80.7566757750737
6.216240274323771,269.99659979458073
20.435861376715046,233.43558749631387
24.23934528328456,336.7189932492071
19.36342643874826,89.44930441174
13.321052946356907,61.36567308589102
1.7304922294970235,108.13533907861289
11.629223082487819,94.70952565090361
11.196265233057414,270.1417548726336
5.079463058319256,271.6800121155013
10.739481774566041,241.79756694875817
8.515169563150359,71.41678544061382
3.7930981126068355,312.71341652711817
10.642466335016703,334.94565750884647
6.430349465764092,195.75527808928817
13.244809871358669,239.62759006558667
1.075249749174164,182.51486721943158
22.64194759143975,96.25074384669679
20.47765569385302,105.74563240294434
13.438276641177332,114.13433495663143
20.892963282124633,69.64753754522528
23.71879573628865,317.072778690721
2.376157407330351,317.24383451342504
15.868882527697538,161.193344518824
24.521298901383556,132.93413689190342
24.34203220421496,343.6362670450455
15.079184463870423,84.58342662095843
3.096248360090559,203.3215603004558
14.764435131106216,20.847660156692623
0.3973555235186723,70.48226239832918
5.0508937774513125,213.6093581562702
24.334585255116565,238.7289064549768
8.152728972644669,209.99134055361864
15.604994783158451,308.3590145021684
6.828169227975875,357.92905487981534
23.891058011597515,270.7343124176023
17.84973424432606,168.617405947258
8.59592877091407,298.58112273083856
19.769808438456334,39.12363214285784
3.0129722352244945,238.39074962821948
9.479062219328602,196.60073573839074
5.7126689459193285,65.06476718359283
17.388269127059466,0.1937513143058709
2.2520313251490136,127.66533189550464
9.767807889654012,226.17707984652344
7.123902982767517,326.2605263649436
12.27044503493157,172.45049170566597
8.995226477208096,42.82516442949161
17.85113856963693,299.81657106155234
0.6079321594499879,124.28764664197986
16.120048918950186,351.506671374383
5.8864745118359165,326.045281250354
6.376117191022622,297.41988320346377
19.763146700786788,134.20058278257557
23.956035492000684,281.48993728197223
7.9616293505388445,350.394090332345
20.936017063926226,192.6267880207795
2.9204543092424142,172.8235453043317
15.801490335554096,0.8213489318196983
18.33140795314223,248.23208179808438
3.445706678428032,307.65246611170824
10.375859603629493,93.1575391552986
22.03785763278104,105.03748447260321
2.9282588646092775,171.4443848833016
0.7033674143863708,34.53736316977873
14.371763594879718,33.46464999292719
10.840015223526704,157.57407437403356
20.090711228202256,89.60429170465486
22.587857461245033,145.830783488627
7.8729499959888685,171.68633072243102
9.335399912281128,358.6719621732563
11.691233444029685,331.78052074382566
15.170007323246983,48.04220269814689
24.16712963869314,317.14005763067917
16.979393290486044,19.20180153681547
9.800462913075084,176.9728934942934
6.716104751049819,55.701549316389155
23.248119993437705,141.40920949306303
3.138652243194757,258.8420241550032
17.78548293281928,147.85597368647018
22.934521936528593,287.61594814969504
16.921804844140535,249.9693446924711
10.430893674218787,331.4971114952705
5.4569701442271406,185.1756020571989
9.165918001106977,288.3741320876845
17.95297344407151,111.68947570716534
16.476129461899088,114.99527541516841
23.626554602606273,136.1628799145003
21.652352345862926,141.3982586125455
20.272385579625034,40.011569775140565
22.428744058745508,182.65778855807974
7.087611151129745,41.7400498887919
9.330986265892253,320.77406220069554
9.106956606920425,15.194931191450848
14.469456088902056,151.94249211302406
16.689874424916702,107.61671351539746
6.8778801062161365,54.94426396216974
0.4796228736777297,277.389151857227
10.359310842513908,265.87878721247387
7.962535839278838,42.713972299685665
23.683543543183614,222.43786815788366
21.973810672715054,278.99593933704307
21.58017838704208,277.33397245222926
16.018558133000507,41.873473779212524
8.346452270792904,252.35935692662187
13.245922585236247,251.43821368816685
20.699492085422417,311.1083872571467
2.6113667518204817,181.47392981885133
19.96250413607315,158.50192038517798
0.7004874291714137,355.821818508733
20.368157882693033,286.19351384644733
20.355425876892593,191.42569579114263
1.307876874116348,126.72885670987984
15.596322286697463,302.5377522524517
12.51463711242891,171.05914125727443
4.355488665461696,38.31368723720671
3.9276235993609383,154.78273315959174
19.80817777765401,318.0327860619702
14.272443967099816,152.28510448099323
24.993059563251958,4.556829513626779
24.967386813625588,218.5028552814095
24.8939798367347,6.373159818558236
2.926218892018169,287.8001183184551
23.381468337512473,219.83819336590648
6.345103290212925,335.998271778664
10.966638756273907,292.78570807620986
18.702430934822456,172.79882077997027
5.256228969502175,219.5502155700963
14.202195892847577,257.1412944543091
4.8967040326522,305.14007241153865
2.9230407938277416,30.237961384968735
2.8333163024747368,275.3094304869373
8.723055380254818,164.92096772519605
0.5882483291094175,233.6038607905814
10.583626245706657,276.79450247442526
17.058851218075166,189.1635963297041
10.50383760077485,57.54586810076213
2.373251975085883,153.05647728175174
1.2318307794877488,37.16916985086098
7.429033396929709,255.47164992103913
4.576172079062667,339.85951394131405
24.47944079115045,294.0575715432325
3.547282075578165,133.7362366019029
20.39353968426861,211.89964443984283
14.260561743363779,107.50235528603498
14.064172944772986,197.99023211972687
12.722423052112733,111.23521207215835
24.593464970927016,269.9383634928132
9.213654720198445,101.49229747178923
19.445675530568078,347.19847053326134
14.138464339678158,232.78223152231146
9.602535332256297,28.445486069268476
24.167287489396863,11.60729062824356
14.906212923077605,3.262605761334271
2.6438731078779423,75.67719320569488
10.570600839198153,105.48026048471387
19.99522558073501,67.58619466852902
17.62043974923559,330.4889151949981
23.141413527009078,232.8197836383352
6.732063448783601,189.58584333431247
19.05098624565402,194.03285455386708
11.947949609912326,115.08393668462853
14.079671068208713,219.27154686224247
24.09725957683886,159.76213901150672
24.88874431744786,64.5279186707144
21.911563683253586,238.18117950188162
8.887106658216378,133.86994541998448
22.48713261144797,289.5193980702379
16.123126335828253,140.7114105639876
11.058383185061869,173.4925792916281
0.7813352045338999,282.37128125936505
19.259309798954913,156.35518130700447
12.471705709483183,353.5855771764672
19.425978893310685,291.75533542967423
18.213145834455368,290.37092325155453
20.264484875383772,342.81936659776017
7.067076607322649,142.19509143610927
19.97597201748836,200.60064848161753
13.569120704803046,251.98154837349722
11.960863555790699,250.18311466674226
16.870653934902013,335.1520019207887
0.14752018053213067,102.1415743308149
2.243241535919437,113.30922696162806
7.016512371876833,328.0089798659681
24.587134631348512,284.3580757692112
3.6582407378416577,75.31349578495943
8.704275213768343,211.856057324339
1.3792883059068344,267.4091785276229
8.396496694568867,129.55442055278522
7.777734762706799,149.93796214882465
23.689186827391023,203.28804280803075
21.014082621585192,158.192353190896
9.75078345891711,262.2555695681866
0.8546979191831606,356.2971484873583
20.44054275303946,158.47883330410298
16.996877366618346,119.9706869217044
4.178431193347012,210.53587653066398
24.910450032689337,282.98035636232225
2.3812251545933085,20.00164884158674
21.193269985668476,54.63635081818121
7.599392570386398,249.24041936771607
10.846909281820038,261.7232223149841
19.73308001045248,203.59126133234452
16.88782213211401,356.3517780894327
23.570186773338058,170.06151662862504
15.662240101050598,52.37896920831938
2.4472785653764197,255.962367721995
21.867053825211375,223.78550616317
18.903109688526836,207.79083450011967
17.50166004740488,204.21369861592123
1.6368643633182094,337.08413093998297
9.783591688445835,36.75432865261898
4.387835075025585,35.64978997428355
20.8261170338112,50.14371350020966
17.27771760185674,86.65253287535748
21.984671616121652,208.10742862649042
24.455995460898652,226.19480367250762
19.57516118958928,73.83588791593195
25.0,172.87234185406137
14.898065908953146,176.29064768071817
1.165839392454072,166.53909615517122
0.247204126887708,296.49962617889474
8.409105390483315,170.57467015496684
21.008549516083832,277.5694849787062
21.248035981027343,65.47598026593676
24.422004204109523,198.01600953066352
1.6048019992276408,303.18067520845557
0.6899068656584192,59.062502446368136
23.1989568052307,158.19973695530604
7.524221478241756,226.4779514879867
13.895539784073284,58.21126231650348
24.52023459824446,277.0799367818513
9.82760534258211,36.56926757810236
17.087581358801003,334.06489482306654
9.615375528962506,164.54687398546335
19.173909258898718,114.14459252747997
12.9344364524168,50.71649764419257
6.152958471153702,157.69371139715793
6.9906082486825065,227.5839679608678
6.097001680417061,37.85042497792245
13.522976704381128,117.31633269435402
17.665275628867818,302.11133067749586
23.6296352401568,238.95629082400825
17.70420742922438,73.32614353021104
19.405413960666326,48.93562833177878
4.515229472652741,329.075750432986
9.290767595904917,103.42098715103522
10.740557747953503,72.17354234032376
16.838589268418392,6.967236529192405
7.407038352789084,103.43141698063971
7.393781754303416,48.645382410981284
9.29066277642412,158.39974140031813
20.367205237188383,159.92681818861044
14.215929257361378,338.78170321930213
1.485260309627214,43.10731885228448
1.4566434560617636,32.86386454257324
9.045609562259191,25.03367097640231
19.54565771873282,319.51678739271654
17.28440545054313,157.20221267138766
17.797058441940816,57.30428280983902
19.4058429431634,209.69335699031163
6.7260729405556905,200.68984099323384
14.175700835421209,79.1509235652335
13.166426056582832,222.79645408994435
18.47681599410443,125.12567109208197
24.033479478285994,86.51410218483679
7.124826559405546,186.07064849414257
19.90888260256669,97.85022480854195
16.86420116177428,85.04028028516505
14.970315971518414,322.53492705634545
19.45451575466593,64.41787858821853
23.75507436933348,97.21498561686117
0.5927888608108322,141.09597233041026
3.9211766977688214,104.99303440629186
18.692468726978195,83.89583416052159
2.1727550989854434,282.07445603294
13.211225351640408,127.0714568229044
5.28650976314096,38.35399714428269
7.257359901567623,201.41178125348384
17.445148317617544,44.522624322031504
0.9719669577913137,119.93205160076778
21.70030431312265,311.58223842200147
11.130769067500955,138.34007876135544
12.189757214292904,237.43791988698453
13.46831080272128,190.72552670332513
15.991023711458068,49.343680043244746
9.086278907222615,237.47029834581295
2.0533404842306267,302.81224156362
7.718734173644496,42.73462914839911
4.473121620544731,274.8974444293838
13.472980224925228,254.55235185457752
7.63238903551367,304.9734164900052
24.3205293535158,27.57383844699682
23.706636833610236,118.4384563610163
15.254702444530697,255.431700888774
15.594604879102835,0.1711196449989716
24.929393017523243,258.4150636946141
22.377505361917702,306.48935529197917
19.171508587260245,172.11358804885543
