latitude,longitude
49.32865907112764,-123.07535438510921
49.32847923499553,-123.0753494991627
49.328299398863415,-123.07534461321619
49.328299387703666,-123.07506863081113
49.32829937654392,-123.07479264840607
49.32829936538417,-123.07451666600102
49.32829935422442,-123.07424068359596
49.32829934306467,-123.0739647011909
49.32829933190492,-123.07368871878585
49.328299320745174,-123.07341273638079
49.328299309585425,-123.07313675397573
49.32829929842568,-123.07286077157067
49.32829928726593,-123.07258478916562
49.32829927610618,-123.07230880676056
49.328119412735255,-123.07230790968121
49.32793954936433,-123.07230701260187
49.327759685993406,-123.07230611552252
49.32757982262248,-123.07230521844318
49.32739995925156,-123.07230432136383
49.327220095880634,-123.07230342428448
49.32704023250971,-123.07230252720514
49.326860369138785,-123.07230163012579
49.32668050576786,-123.07230073304645
49.32650064239694,-123.0722998359671
49.32632077902601,-123.07229893888776
49.32614091565509,-123.07229804180841
49.325961052284164,-123.07229714472906
49.32578118891324,-123.07229624764972
49.325601325542316,-123.07229535057037
49.32542146217139,-123.07229445349103
49.32524159880047,-123.07229355641168
49.32506174345379,-123.07229631305682
49.32488188810711,-123.07229906970197
49.32470203276043,-123.07230182634711
49.32452217741375,-123.07230458299226
49.32434232206707,-123.0723073396374
49.32416246672039,-123.07231009628255
49.32398261137371,-123.0723128529277
49.32380275602703,-123.07231560957284
49.32362290068035,-123.07231836621798
49.32344304533367,-123.07232112286313
49.32326318998699,-123.07232387950828
49.32308333464031,-123.07232663615342
49.32290347929363,-123.07232939279857
49.32272362394695,-123.07233214944371
49.32254376860027,-123.07233490608886
49.32236391325359,-123.072337662734
49.32218405790691,-123.07234041937915
49.32200420256023,-123.07234317602429
49.32182434721355,-123.07234593266944
49.32164449186687,-123.07234868931458
49.3214647977899,-123.07236069210246
49.32128510371293,-123.07237269489035
49.32110540963596,-123.07238469767823
49.32092571555899,-123.07239670046611
49.32074602148202,-123.072408703254
49.320566327405054,-123.07242070604188
49.320386633328084,-123.07243270882977
49.320206939251115,-123.07244471161765
49.320027245174145,-123.07245671440553
49.319847551097176,-123.07246871719342
49.31966785702021,-123.0724807199813
49.31948816294324,-123.07249272276918
49.31930846886627,-123.07250472555707
49.3191287747893,-123.07251672834495
49.31894908071233,-123.07252873113283
49.31876938663536,-123.07254073392072
49.31858969255839,-123.0725527367086
49.31840999848142,-123.07256473949649
49.31823030440445,-123.07257674228437
49.31805061032748,-123.07258874507225
49.317899164267274,-123.07273758936779
49.317747718207066,-123.07288643366333
49.31759627214686,-123.07303527795887
49.31744482608665,-123.0731841222544
49.31729338002644,-123.07333296654994
49.317141933966234,-123.07348181084548
49.316990487906025,-123.07363065514102
49.31683904184582,-123.07377949943655
49.31668759578561,-123.07392834373209
49.3165361497254,-123.07407718802763
49.31638470366519,-123.07422603232317
49.316233257604985,-123.0743748766187
49.31608181154478,-123.07452372091424
49.31593036548457,-123.07467256520978
49.31577891942436,-123.07482140950532
49.31562747336415,-123.07497025380086
49.315476027303944,-123.0751190980964
49.315324581243736,-123.07526794239193
49.31517313518353,-123.07541678668747
49.31502168912332,-123.07556563098301
49.31487024306311,-123.07571447527855
49.314718797002904,-123.07586331957408
49.314567350942696,-123.07601216386962
49.31441590488249,-123.07616100816516
49.31426445882228,-123.0763098524607
49.31411301276207,-123.07645869675623
49.31396156670186,-123.07660754105177
49.313810120641655,-123.07675638534731
49.31365867458145,-123.07690522964285
49.31350722852124,-123.07705407393838
49.31335578246103,-123.07720291823392
49.31320433640082,-123.07735176252946
49.313052890340614,-123.077500606825
49.312901444280406,-123.07764945112054
49.3127499982202,-123.07779829541607
49.31259855215999,-123.07794713971161
49.31244710609978,-123.07809598400715
49.312295660039574,-123.07824482830269
49.312144213979366,-123.07839367259822
49.31199276791916,-123.07854251689376
49.31184132185895,-123.0786913611893
49.31168987579874,-123.07884020548484
49.31153842973853,-123.07898904978038
49.311386983678325,-123.07913789407591
49.31123553761812,-123.07928673837145
49.31132940252396,-123.07952208388625
49.3114232674298,-123.07975742940104
49.311517132335645,-123.07999277491584
49.31161099724149,-123.08022812043063
49.31170486214733,-123.08046346594543
49.31179872705317,-123.08069881146022
49.311892591959015,-123.08093415697502
49.31198645686486,-123.08116950248981
49.3120803217707,-123.08140484800461
49.31217418667654,-123.0816401935194
49.312268051582386,-123.0818755390342
49.31236191648823,-123.082110884549
49.31245578139407,-123.08234623006379
49.312549646299914,-123.08258157557859
49.312643511205756,-123.08281692109338
49.3127373761116,-123.08305226660818
49.31283124101744,-123.08328761212297
49.312925105923284,-123.08352295763777
49.31301897082913,-123.08375830315256
49.31311283573497,-123.08399364866736
49.31320670064081,-123.08422899418215
49.313300565546655,-123.08446433969695
49.3133944304525,-123.08469968521175
49.31348829535834,-123.08493503072654
49.31358216026418,-123.08517037624134
49.313676025170025,-123.08540572175613
49.31376989007587,-123.08564106727093
49.31386375498171,-123.08587641278572
49.31404358527637,-123.0858817794009
49.314223415571036,-123.08588714601609
49.3144032458657,-123.08589251263128
49.31458307616036,-123.08589787924646
49.31476290645502,-123.08590324586164
49.314942736749686,-123.08590861247683
49.31512256704435,-123.08591397909201
49.31530239733901,-123.0859193457072
49.31548222763367,-123.08592471232238
49.315662057928336,-123.08593007893757
49.315841888223,-123.08593544555275
49.31602171851766,-123.08594081216793
49.31620154881232,-123.08594617878312
49.316381379106986,-123.0859515453983
49.31656120940165,-123.08595691201349
49.31674103969631,-123.08596227862867
49.31692086999097,-123.08596764524385
49.317100700285636,-123.08597301185904
49.3172805305803,-123.08597837847422
49.31738934932277,-123.08619807878097
49.317498168065235,-123.08641777908771
49.317606986807704,-123.08663747939445
49.31771580555017,-123.0868571797012
49.31782462429264,-123.08707688000794
49.31793344303511,-123.08729658031469
49.31804226177758,-123.08751628062143
49.318151080520046,-123.08773598092817
49.318259899262515,-123.08795568123492
49.31836871800498,-123.08817538154166
49.31847753674745,-123.0883950818484
49.31858635548992,-123.08861478215515
49.31869517423239,-123.08883448246189
49.31880399297486,-123.08905418276863
49.318912811717325,-123.08927388307538
49.319021630459794,-123.08949358338212
49.31913044920226,-123.08971328368887
49.31923926794473,-123.08993298399561
49.3193480866872,-123.09015268430235
49.31945690542967,-123.0903723846091
49.319565724172136,-123.09059208491584
49.319674542914605,-123.09081178522258
49.31978336165707,-123.09103148552933
49.31989218039954,-123.09125118583607
49.32000099914201,-123.09147088614282
49.32008727148371,-123.09171301798978
49.320173543825405,-123.09195514983674
49.3202598161671,-123.0921972816837
49.3203460885088,-123.09243941353066
49.320432360850496,-123.09268154537762
49.320518633192194,-123.09292367722458
49.32060490553389,-123.09316580907154
49.32069117787559,-123.0934079409185
49.320777450217285,-123.09365007276546
49.32086372255898,-123.09389220461242
49.32094999490068,-123.09413433645938
49.32103626724238,-123.09437646830634
49.321122539584074,-123.0946186001533
49.32120881192577,-123.09486073200026
49.32129508426747,-123.09510286384722
49.321381356609166,-123.09534499569418
49.32146762895086,-123.09558712754114
49.32155390129256,-123.0958292593881
49.32164017363426,-123.09607139123506
49.321726445975955,-123.09631352308202
49.32181271831765,-123.09655565492898
49.32189899065935,-123.09679778677594
49.32198526300105,-123.0970399186229
49.322071535342744,-123.09728205046986
49.32215780768444,-123.09752418231682
49.32224408002614,-123.09776631416378
49.322330352367835,-123.09800844601074
49.32241662470953,-123.0982505778577
49.32250289705123,-123.09849270970466
49.32258916939293,-123.09873484155162
49.322675441734624,-123.09897697339858
49.32276171407632,-123.09921910524554
49.32284798641802,-123.0994612370925
49.322934258759716,-123.09970336893946
49.32302053110141,-123.09994550078642
49.32310680344311,-123.10018763263338
49.32319307578481,-123.10042976448034
49.323279348126505,-123.1006718963273
49.3233656204682,-123.10091402817426
49.3234518928099,-123.10115616002122
49.3235381651516,-123.10139829186818
49.323624437493294,-123.10164042371514
49.32371070983499,-123.1018825555621
49.32379698217669,-123.10212468740906
49.32380188612285,-123.10240054295706
49.323806790069014,-123.10267639850505
49.32381169401518,-123.10295225405305
49.32381659796134,-123.10322810960105
49.3238215019075,-123.10350396514905
49.323826405853666,-123.10377982069704
49.32383130979983,-123.10405567624504
49.32383621374599,-123.10433153179304
49.323841117692155,-123.10460738734103
49.32384602163832,-123.10488324288903
49.32385092558448,-123.10515909843703
49.32385582953064,-123.10543495398503
49.323860733476806,-123.10571080953302
49.32386563742297,-123.10598666508102
49.32387054136913,-123.10626252062902
49.323875445315295,-123.10653837617701
49.32388034926146,-123.10681423172501
49.32388525320762,-123.10709008727301
49.323890157153784,-123.107365942821
49.32389506109995,-123.107641798369
49.32389996504611,-123.107917653917
49.32390486899227,-123.108193509465
49.323909772938435,-123.108469365013
49.3239146768846,-123.10874522056099
49.32391958083076,-123.10902107610899
49.323924484776924,-123.10929693165698
49.32392938872309,-123.10957278720498
49.32393429266925,-123.10984864275298
49.32393919661541,-123.11012449830098
49.323944100561576,-123.11040035384897
49.32394900450774,-123.11067620939697
49.3239539084539,-123.11095206494497
49.323958812400065,-123.11122792049296
49.32396371634623,-123.11150377604096
49.32396862029239,-123.11177963158896
49.32397352423855,-123.11205548713696
49.32397842818472,-123.11233134268495
49.32398333213088,-123.11260719823295
49.32398823607704,-123.11288305378095
49.323993140023205,-123.11315890932894
49.32399804396937,-123.11343476487694
49.32400294791553,-123.11371062042494
49.324007851861694,-123.11398647597294
49.32401275580786,-123.11426233152093
49.32401765975402,-123.11453818706893
49.32402256370018,-123.11481404261693
49.324027467646346,-123.11508989816492
49.32403237159251,-123.11536575371292
49.32403727553867,-123.11564160926092
49.324042179484834,-123.11591746480892
49.324047083431,-123.11619332035691
49.32405198737716,-123.11646917590491
49.32405689132332,-123.11674503145291
49.324061795269486,-123.1170208870009
49.32406669921565,-123.1172967425489
49.32407160316181,-123.1175725980969
49.324076507107975,-123.1178484536449
49.32408141105414,-123.1181243091929
49.3240863150003,-123.11840016474089
49.324091218946464,-123.11867602028889
49.32409612289263,-123.11895187583688
49.32410102683879,-123.11922773138488
49.32410593078495,-123.11950358693288
49.324110834731115,-123.11977944248088
49.32411573867728,-123.12005529802887
49.32412064262344,-123.12033115357687
49.324125546569604,-123.12060700912487
49.32413045051577,-123.12088286467286
49.32413535446193,-123.12115872022086
49.32414025840809,-123.12143457576886
49.324206295284675,-123.12169126750747
49.32427233216126,-123.12194795924609
49.32433836903784,-123.1222046509847
49.32440440591442,-123.12246134272331
49.324470442791004,-123.12271803446193
49.324536479667586,-123.12297472620054
49.32460251654417,-123.12323141793915
49.32466855342075,-123.12348810967777
49.32473459029733,-123.12374480141638
49.324800627173914,-123.12400149315499
49.3248666640505,-123.1242581848936
49.32493270092708,-123.12451487663222
49.32499873780366,-123.12477156837083
49.32506477468024,-123.12502826010945
49.325130811556825,-123.12528495184806
49.32519684843341,-123.12554164358667
49.32526288530999,-123.12579833532529
49.32532892218657,-123.1260550270639
49.32539495906315,-123.12631171880251
49.325460995939736,-123.12656841054113
49.32552703281632,-123.12682510227974
49.3255930696929,-123.12708179401835
49.32565910656948,-123.12733848575697
49.325725143446064,-123.12759517749558
49.325791180322646,-123.12785186923419
49.32585721719923,-123.1281085609728
49.32592325407581,-123.12836525271142
49.32598929095239,-123.12862194445003
49.32583519643013,-123.12876425803601
49.32568110190786,-123.128906571622
49.325527007385595,-123.12904888520798
49.32537291286333,-123.12919119879396
49.325218818341064,-123.12933351237994
49.3250647238188,-123.12947582596593
49.32491062929653,-123.12961813955191
49.32475653477427,-123.12976045313789
49.324602440252,-123.12990276672387
49.324448345729735,-123.13004508030986
49.32429425120747,-123.13018739389584
49.3241401566852,-123.13032970748182
49.32398606216294,-123.1304720210678
49.32383196764067,-123.13061433465379
49.323677873118406,-123.13075664823977
49.32352377859614,-123.13089896182575
49.323369684073874,-123.13104127541173
49.32321558955161,-123.13118358899771
49.32306149502934,-123.1313259025837
49.32290740050708,-123.13146821616968
49.32275330598481,-123.13161052975566
49.322599211462546,-123.13175284334164
49.32244511694028,-123.13189515692763
49.322291022418014,-123.13203747051361
49.32213692789575,-123.13217978409959
49.32198283337348,-123.13232209768557
49.32182873885122,-123.13246441127156
49.32167464432895,-123.13260672485754
49.321520549806685,-123.13274903844352
49.32136645528442,-123.1328913520295
49.32121236076215,-123.13303366561549
49.32105826623989,-123.13317597920147
49.32090417171762,-123.13331829278745
49.320750077195356,-123.13346060637343
49.32059598267309,-123.13360291995942
49.320441888150825,-123.1337452335454
49.32028779362856,-123.13388754713138
49.32013369910629,-123.13402986071736
49.31997960458403,-123.13417217430334
49.31982551006176,-123.13431448788933
49.319671415539496,-123.13445680147531
49.31951732101723,-123.13459911506129
49.319363226494964,-123.13474142864727
49.3192091319727,-123.13488374223326
49.31905503745043,-123.13502605581924
49.31890094292817,-123.13516836940522
49.3187468484059,-123.1353106829912
49.318592753883635,-123.13545299657719
49.31843865936137,-123.13559531016317
49.318284564839104,-123.13573762374915
49.31813047031684,-123.13587993733513
49.31797637579457,-123.13602225092112
49.317822281272306,-123.1361645645071
49.31766818675004,-123.13630687809308
49.317514092227775,-123.13644919167906
49.31735999770551,-123.13659150526505
49.31720590318324,-123.13673381885103
49.31705180866098,-123.13687613243701
49.31689771413871,-123.13701844602299
49.316743619616446,-123.13716075960897
49.31658952509418,-123.13730307319496
49.316435430571914,-123.13744538678094
49.31628133604965,-123.13758770036692
49.31612724152738,-123.1377300139529
49.31597314700512,-123.13787232753889
49.31581905248285,-123.13801464112487
49.315664957960585,-123.13815695471085
49.31551086343832,-123.13829926829683
49.315356768916054,-123.13844158188282
49.31520267439379,-123.1385838954688
49.31504857987152,-123.13872620905478
49.31489448534926,-123.13886852264076
49.31474039082699,-123.13901083622675
49.314586296304725,-123.13915314981273
49.31443220178246,-123.13929546339871
49.31427810726019,-123.13943777698469
49.31412401273793,-123.13958009057067
49.31396991821566,-123.13972240415666
49.313815823693396,-123.13986471774264
49.31366172917113,-123.14000703132862
49.313507634648865,-123.1401493449146
49.3133535401266,-123.14029165850059
49.31319944560433,-123.14043397208657
49.31304535108207,-123.14057628567255
49.3128912565598,-123.14071859925853
49.312737162037536,-123.14086091284452
49.31258306751527,-123.1410032264305
49.312428972993004,-123.14114554001648
49.31227487847074,-123.14128785360246
49.31212078394847,-123.14143016718845
49.31196668942621,-123.14157248077443
49.31181259490394,-123.14171479436041
49.311658500381675,-123.1418571079464
49.31150440585941,-123.14199942153238
49.311350311337144,-123.14214173511836
49.31119621681488,-123.14228404870434
49.31104212229261,-123.14242636229032
49.310888027770346,-123.1425686758763
49.31073393324808,-123.14271098946229
49.310579838725815,-123.14285330304827
49.31042574420355,-123.14299561663425
49.31027164968128,-123.14313793022023
49.31011755515902,-123.14328024380622
49.30996346063675,-123.1434225573922
49.309809366114486,-123.14356487097818
49.30964283968178,-123.14366912358051
49.30947631324907,-123.14377337618284
49.309309786816364,-123.14387762878516
49.30914326038366,-123.14398188138749
49.30897673395095,-123.14408613398982
49.30881020751824,-123.14419038659214
49.308643681085535,-123.14429463919447
49.30847715465283,-123.1443988917968
49.30831062822012,-123.14450314439912
49.30814410178741,-123.14460739700145
49.307977575354705,-123.14471164960378
49.307811048922,-123.1448159022061
49.30764452248929,-123.14492015480843
49.30747799605658,-123.14502440741076
49.307311469623876,-123.14512866001309
49.30714494319117,-123.14523291261541
49.30697841675846,-123.14533716521774
49.30679868277971,-123.14532666526424
49.30661894880095,-123.14531616531073
49.3064392148222,-123.14530566535723
49.306259480843444,-123.14529516540372
49.30607974686469,-123.14528466545022
49.305900012885935,-123.14527416549672
49.30572027890718,-123.14526366554321
49.30554054492843,-123.14525316558971
49.30536081094967,-123.1452426656362
49.30518107697092,-123.1452321656827
49.30500134299216,-123.1452216657292
49.30482160901341,-123.14521116577569
49.304641875034655,-123.14520066582219
49.3044621410559,-123.14519016586868
49.304282407077146,-123.14517966591518
49.30410267309839,-123.14516916596168
49.30392500295816,-123.1451262112983
49.30374733281793,-123.14508325663493
49.303569662677695,-123.14504030197156
49.30339199253746,-123.14499734730819
49.30321432239723,-123.14495439264482
49.303036652257,-123.14491143798145
49.30285898211677,-123.14486848331808
49.302681311976535,-123.1448255286547
49.3025036418363,-123.14478257399134
49.30232597169607,-123.14473961932796
49.30217828523192,-123.14458217927992
49.302030598767765,-123.14442473923188
49.30188291230361,-123.14426729918384
49.30173522583946,-123.1441098591358
49.301587539375305,-123.14395241908775
49.30143985291115,-123.14379497903971
49.301292166447,-123.14363753899167
49.301144479982845,-123.14348009894363
49.30099679351869,-123.14332265889558
49.30084910705454,-123.14316521884754
49.300701420590386,-123.1430077787995
49.30055373412623,-123.14285033875146
49.30040604766208,-123.14269289870342
49.300258361197926,-123.14253545865537
49.30011067473377,-123.14237801860733
49.300001082002545,-123.1421593123188
49.29989148927132,-123.14194060603026
49.29978189654009,-123.14172189974173
49.29967230380886,-123.14150319345319
49.299562711077634,-123.14128448716465
49.299453118346406,-123.14106578087612
49.29934352561518,-123.14084707458758
49.29923393288395,-123.14062836829905
49.29912434015272,-123.14040966201051
49.299014747421495,-123.14019095572198
49.29890515469027,-123.13997224943344
49.29879556195904,-123.1397535431449
49.29868596922781,-123.13953483685637
49.298576376496584,-123.13931613056783
49.298466783765356,-123.1390974242793
49.29835719103413,-123.13887871799076
49.2982475983029,-123.13866001170223
49.29815783341493,-123.1384210031475
49.298068068526966,-123.13818199459277
49.297978303639,-123.13794298603804
49.29788853875103,-123.13770397748331
49.297798773863065,-123.13746496892858
49.2977090089751,-123.13722596037385
49.297543847791424,-123.13711674317808
49.29737868660775,-123.13700752598231
49.29721352542408,-123.13689830878654
49.2970483642404,-123.13678909159077
49.29688320305673,-123.136679874395
49.296718041873056,-123.13657065719923
49.29655288068938,-123.13646144000346
49.29638771950571,-123.13635222280769
49.29620861017311,-123.13637746638902
49.29602950084051,-123.13640270997035
49.29585039150791,-123.13642795355169
49.29567128217531,-123.13645319713302
49.295492172842714,-123.13647844071436
49.295313063510115,-123.13650368429569
49.295133954177516,-123.13652892787702
49.294974037057,-123.13665516387887
49.29481411993649,-123.13678139988072
49.294673559151775,-123.13660932701298
49.29453299836706,-123.13643725414524
49.294392437582346,-123.1362651812775
49.29425187679763,-123.13609310840975
49.294111316012916,-123.13592103554201
49.2939707552282,-123.13574896267427
49.29383019444349,-123.13557688980653
49.29368963365877,-123.13540481693879
49.29354907287406,-123.13523274407105
49.29340851208934,-123.1350606712033
49.29326795130463,-123.13488859833556
49.29312739051991,-123.13471652546782
49.293001507035775,-123.13451956275462
49.29287562355164,-123.13432260004141
49.2927497400675,-123.13412563732821
49.29262385658336,-123.133928674615
49.29249797309922,-123.1337317119018
49.292372089615085,-123.1335347491886
49.29224620613095,-123.1333377864754
49.29212032264681,-123.13314082376219
49.29199443916267,-123.13294386104899
49.29186855567853,-123.13274689833578
49.291742672194395,-123.13254993562258
49.29161678871026,-123.13235297290937
49.29149090522612,-123.13215601019617
49.29136502174198,-123.13195904748297
49.29123913825784,-123.13176208476976
49.291113254773705,-123.13156512205656
49.29098737128957,-123.13136815934335
49.29086148780543,-123.13117119663015
49.29073560432129,-123.13097423391694
49.29060972083715,-123.13077727120374
49.290483837353015,-123.13058030849054
49.29035795386888,-123.13038334577733
49.29023207038474,-123.13018638306413
49.2901061869006,-123.12998942035092
49.28998030341646,-123.12979245763772
49.289854419932325,-123.12959549492452
49.28972853644819,-123.12939853221131
49.28960265296405,-123.12920156949811
49.28947676947991,-123.1290046067849
49.28935088599577,-123.1288076440717
49.289225002511635,-123.1286106813585
49.2890991190275,-123.12841371864529
49.28897323554336,-123.12821675593209
49.28884735205922,-123.12801979321888
49.28872146857508,-123.12782283050568
49.288595585090945,-123.12762586779247
49.28846970160681,-123.12742890507927
49.28834381812267,-123.12723194236607
49.28821793463853,-123.12703497965286
49.28809205115439,-123.12683801693966
49.287966167670255,-123.12664105422645
49.28784028418612,-123.12644409151325
49.28771440070198,-123.12624712880005
49.28758851721784,-123.12605016608684
49.2874626337337,-123.12585320337364
49.287336750249565,-123.12565624066043
49.28721086676543,-123.12545927794723
49.28708498328129,-123.12526231523402
49.28695909979715,-123.12506535252082
49.28683321631301,-123.12486838980762
49.286707332828875,-123.12467142709441
49.28658144934474,-123.12447446438121
49.2864555658606,-123.124277501668
49.28632968237646,-123.1240805389548
49.28620379889232,-123.1238835762416
49.286077915408185,-123.12368661352839
49.28595203192405,-123.12348965081519
49.28582614843991,-123.12329268810198
49.28570026495577,-123.12309572538878
49.28557438147163,-123.12289876267558
49.285448497987495,-123.12270179996237
49.28532261450336,-123.12250483724917
49.28519673101922,-123.12230787453596
49.28507084753508,-123.12211091182276
49.28494496405094,-123.12191394910955
49.284819080566805,-123.12171698639635
49.28469319708267,-123.12152002368315
49.28456731359853,-123.12132306096994
49.28444143011439,-123.12112609825674
49.28431554663025,-123.12092913554353
49.284189663146115,-123.12073217283033
49.28406377966198,-123.12053521011713
49.28393789617784,-123.12033824740392
49.2838120126937,-123.12014128469072
49.28368612920956,-123.11994432197751
49.283560245725425,-123.11974735926431
49.28343436224129,-123.1195503965511
49.28330847875715,-123.1193534338379
49.28343193987492,-123.11915291356709
49.2835554009927,-123.11895239329628
49.28367886211047,-123.11875187302547
49.283802323228244,-123.11855135275466
49.28392578434602,-123.11835083248386
49.28404924546379,-123.11815031221305
49.284172706581565,-123.11794979194224
49.28429616769934,-123.11774927167143
49.28441962881711,-123.11754875140062
49.284543089934886,-123.11734823112981
49.28466655105266,-123.117147710859
49.28479001217043,-123.11694719058819
49.284913473288206,-123.11674667031738
49.28503693440598,-123.11654615004657
49.285160395523754,-123.11634562977576
49.28528385664153,-123.11614510950496
49.2854073177593,-123.11594458923415
49.285530778877074,-123.11574406896334
49.28565423999485,-123.11554354869253
49.28577770111262,-123.11534302842172
49.285901162230395,-123.11514250815091
49.28602462334817,-123.1149419878801
49.285898176996795,-123.11474588982244
49.28577173064542,-123.11454979176479
49.28564528429405,-123.11435369370713
49.285518837942675,-123.11415759564947
49.2853923915913,-123.11396149759182
49.28526594523993,-123.11376539953416
49.285139498888554,-123.1135693014765
49.28501305253718,-123.11337320341885
49.28488660618581,-123.11317710536119
49.284760159834434,-123.11298100730353
49.28463371348306,-123.11278490924587
49.28450726713169,-123.11258881118822
49.284380820780314,-123.11239271313056
49.28425437442894,-123.1121966150729
49.28412792807757,-123.11200051701525
49.28400148172619,-123.11180441895759
49.28387503537482,-123.11160832089993
49.283748589023446,-123.11141222284228
49.28362214267207,-123.11121612478462
49.2834956963207,-123.11102002672696
49.283369249969326,-123.1108239286693
49.28324280361795,-123.11062783061165
49.28311635726658,-123.11043173255399
49.282989910915205,-123.11023563449633
49.28286346456383,-123.11003953643868
49.28273701821246,-123.10984343838102
49.282610571861085,-123.10964734032336
49.28255131776089,-123.10938700875168
49.2824920636607,-123.10912667718
49.282432809560504,-123.10886634560832
49.28237355546031,-123.10860601403664
49.28231430136012,-123.10834568246496
49.28225504725992,-123.10808535089328
49.28219579315973,-123.1078250193216
49.282136539059536,-123.10756468774991
49.28207728495934,-123.10730435617823
49.28201803085915,-123.10704402460655
49.281958776758955,-123.10678369303487
49.28189952265876,-123.10652336146319
49.28184026855857,-123.10626302989151
49.281781014458375,-123.10600269831983
49.28172176035818,-123.10574236674815
49.28166250625799,-123.10548203517646
49.281603252157794,-123.10522170360478
49.2815439980576,-123.1049613720331
49.28148474395741,-123.10470104046142
49.28142548985721,-123.10444070888974
49.281420987224735,-123.10416507643853
49.281416484592256,-123.10388944398733
49.28141198195978,-123.10361381153612
49.2814074793273,-123.10333817908491
49.28140297669482,-123.10306254663371
49.28139847406234,-123.1027869141825
49.281393971429864,-123.1025112817313
49.281389468797386,-123.10223564928009
49.28138496616491,-123.10196001682888
49.28138046353243,-123.10168438437768
49.28137596089995,-123.10140875192647
49.28137145826747,-123.10113311947526
49.281366955634994,-123.10085748702406
49.281362453002515,-123.10058185457285
49.28135795037004,-123.10030622212165
49.28135344773756,-123.10003058967044
49.28134894510508,-123.09975495721923
49.2813444424726,-123.09947932476803
49.28133993984012,-123.09920369231682
49.281335437207645,-123.09892805986561
49.281330934575166,-123.09865242741441
49.28132643194269,-123.0983767949632
49.28132192931021,-123.098101162512
49.28131742667773,-123.09782553006079
49.28131292404525,-123.09754989760958
49.281308421412774,-123.09727426515838
49.281303918780296,-123.09699863270717
49.28129941614782,-123.09672300025596
49.28129491351534,-123.09644736780476
49.28129041088286,-123.09617173535355
49.28128590825038,-123.09589610290234
49.281281405617904,-123.09562047045114
49.281276902985425,-123.09534483799993
49.28127240035295,-123.09506920554873
49.28126789772047,-123.09479357309752
49.28126339508799,-123.09451794064631
49.28125889245551,-123.0942423081951
49.28125438982303,-123.0939666757439
49.281249887190555,-123.0936910432927
49.281245384558076,-123.09341541084149
49.2812408819256,-123.09313977839028
49.28123637929312,-123.09286414593907
49.28123187666064,-123.09258851348787
49.28122737402816,-123.09231288103666
49.281222871395684,-123.09203724858546
49.281218368763206,-123.09176161613425
49.28121386613073,-123.09148598368304
49.28120936349825,-123.09121035123184
49.28120486086577,-123.09093471878063
49.28120035823329,-123.09065908632942
49.281195855600814,-123.09038345387822
49.281191352968335,-123.09010782142701
49.28118685033586,-123.0898321889758
49.28118234770338,-123.0895565565246
49.2811778450709,-123.08928092407339
49.28117334243842,-123.08900529162219
49.28116883980594,-123.08872965917098
49.281164337173465,-123.08845402671977
49.281159834540986,-123.08817839426857
49.28115533190851,-123.08790276181736
49.28115082927603,-123.08762712936615
49.28114632664355,-123.08735149691495
49.28114182401107,-123.08707586446374
49.281137321378594,-123.08680023201254
49.281132818746116,-123.08652459956133
49.28112831611364,-123.08624896711012
49.28112381348116,-123.08597333465892
49.28111931084868,-123.08569770220771
49.2811148082162,-123.0854220697565
49.281110305583724,-123.0851464373053
49.281105802951245,-123.08487080485409
49.28110130031877,-123.08459517240289
49.28109679768629,-123.08431953995168
49.28109229505381,-123.08404390750047
49.28108779242133,-123.08376827504927
49.28108328978885,-123.08349264259806
49.281078787156375,-123.08321701014685
49.281074284523896,-123.08294137769565
49.28106978189142,-123.08266574524444
49.28106527925894,-123.08239011279323
49.28106077662646,-123.08211448034203
49.28105627399398,-123.08183884789082
49.281051771361504,-123.08156321543962
49.281047268729026,-123.08128758298841
49.28104276609655,-123.0810119505372
49.28103826346407,-123.080736318086
49.28103376083159,-123.08046068563479
49.28102925819911,-123.08018505318358
49.281024755566634,-123.07990942073238
49.28108644636202,-123.07965042683965
49.2811481371574,-123.07939143294692
49.281209827952786,-123.07913243905419
49.28127151874817,-123.07887344516146
49.281333209543554,-123.07861445126873
49.28133046749136,-123.07833876514428
49.28132772543916,-123.07806307901983
49.281324983386966,-123.07778739289537
49.28132224133477,-123.07751170677092
49.281319499282574,-123.07723602064647
49.28131675723038,-123.07696033452201
49.28131401517818,-123.07668464839756
49.281311273125986,-123.0764089622731
49.28130853107379,-123.07613327614865
49.281305789021594,-123.0758575900242
49.2813030469694,-123.07558190389975
49.2813003049172,-123.07530621777529
49.28129756286501,-123.07503053165084
49.28129482081281,-123.07475484552639
49.281292078760615,-123.07447915940193
49.28128933670842,-123.07420347327748
49.28128659465622,-123.07392778715302
49.28128385260403,-123.07365210102857
49.28128111055183,-123.07337641490412
49.281278368499635,-123.07310072877966
49.28127562644744,-123.07282504265521
49.28127288439524,-123.07254935653076
49.28127014234305,-123.0722736704063
49.28126740029085,-123.07199798428185
49.281264658238655,-123.0717222981574
49.28126191618646,-123.07144661203294
49.28125917413426,-123.07117092590849
49.28125643208207,-123.07089523978404
49.28125369002987,-123.07061955365958
49.281250947977675,-123.07034386753513
49.28124820592548,-123.07006818141068
49.28124546387328,-123.06979249528622
49.28124272182109,-123.06951680916177
49.28123997976889,-123.06924112303732
49.281237237716695,-123.06896543691286
49.2812344956645,-123.06868975078841
49.2812317536123,-123.06841406466395
49.28122901156011,-123.0681383785395
49.28122626950791,-123.06786269241505
49.281223527455715,-123.0675870062906
49.28122078540352,-123.06731132016614
49.28121804335132,-123.06703563404169
49.28121530129913,-123.06675994791723
49.28121255924693,-123.06648426179278
49.281209817194735,-123.06620857566833
49.28120707514254,-123.06593288954387
49.28120433309034,-123.06565720341942
49.28120159103815,-123.06538151729497
49.28119884898595,-123.06510583117051
49.281196106933756,-123.06483014504606
49.28119336488156,-123.0645544589216
49.281190622829364,-123.06427877279715
49.28118788077717,-123.0640030866727
49.28118513872497,-123.06372740054825
49.281182396672776,-123.06345171442379
49.28117965462058,-123.06317602829934
49.281176912568384,-123.06290034217488
49.28117417051619,-123.06262465605043
49.28117142846399,-123.06234896992598
49.281168686411796,-123.06207328380152
49.2811659443596,-123.06179759767707
49.281163202307404,-123.06152191155262
49.28116046025521,-123.06124622542816
49.28115771820301,-123.06097053930371
49.281154976150816,-123.06069485317926
49.28115223409862,-123.0604191670548
49.281149492046424,-123.06014348093035
49.28114674999423,-123.0598677948059
49.28114400794203,-123.05959210868144
49.281141265889836,-123.05931642255699
49.28113852383764,-123.05904073643254
49.281135781785444,-123.05876505030808
49.28113303973325,-123.05848936418363
49.28113029768105,-123.05821367805918
49.281127555628856,-123.05793799193472
49.28112481357666,-123.05766230581027
49.281122071524464,-123.05738661968581
49.28111932947227,-123.05711093356136
49.28111658742007,-123.05683524743691
49.28111384536788,-123.05655956131245
49.28111110331568,-123.056283875188
49.281108361263485,-123.05600818906355
49.28110561921129,-123.0557325029391
49.28110287715909,-123.05545681681464
49.2811001351069,-123.05518113069019
49.2810973930547,-123.05490544456573
49.281094651002505,-123.05462975844128
49.28109190895031,-123.05435407231683
49.28108916689811,-123.05407838619237
49.28108642484592,-123.05380270006792
49.28108368279372,-123.05352701394347
49.281080940741525,-123.05325132781901
49.28107819868933,-123.05297564169456
49.28107545663713,-123.0526999555701
49.28107271458494,-123.05242426944565
49.28106997253274,-123.0521485833212
49.281067230480545,-123.05187289719674
49.28106448842835,-123.05159721107229
49.28106174637615,-123.05132152494784
49.28105900432396,-123.05104583882338
49.28105626227176,-123.05077015269893
49.281053520219565,-123.05049446657448
49.28105077816737,-123.05021878045002
49.28104803611517,-123.04994309432557
49.28104529406298,-123.04966740820112
49.28104255201078,-123.04939172207666
49.281039809958585,-123.04911603595221
49.28103706790639,-123.04884034982776
49.28103432585419,-123.0485646637033
49.281031583802,-123.04828897757885
49.2810288417498,-123.0480132914544
49.281026099697606,-123.04773760532994
49.28102335764541,-123.04746191920549
49.281020615593214,-123.04718623308104
49.28101787354102,-123.04691054695658
49.28101513148882,-123.04663486083213
49.281012389436626,-123.04635917470767
49.28100964738443,-123.04608348858322
49.281006905332234,-123.04580780245877
49.28100416328004,-123.04553211633431
49.28100142122784,-123.04525643020986
49.280998679175646,-123.04498074408541
49.28099593712345,-123.04470505796095
49.280993195071254,-123.0444293718365
49.28099045301906,-123.04415368571205
49.28098771096686,-123.0438779995876
49.280984968914666,-123.04360231346314
49.28098222686247,-123.04332662733869
49.280979484810274,-123.04305094121423
49.28097674275808,-123.04277525508978
49.28097400070588,-123.04249956896533
49.280971258653686,-123.04222388284087
49.28096851660149,-123.04194819671642
49.280965774549294,-123.04167251059197
49.2809630324971,-123.04139682446751
49.2809602904449,-123.04112113834306
49.280957548392706,-123.0408454522186
49.28095480634051,-123.04056976609415
49.280952064288314,-123.0402940799697
49.28094932223612,-123.04001839384524
49.28094658018392,-123.03974270772079
49.280943838131726,-123.03946702159634
49.28094109607953,-123.03919133547188
49.280938354027334,-123.03891564934743
49.28093561197514,-123.03863996322298
49.28093286992294,-123.03836427709852
49.28093012787075,-123.03808859097407
49.28092738581855,-123.03781290484962
49.280924643766355,-123.03753721872516
49.28092190171416,-123.03726153260071
49.28091915966196,-123.03698584647626
49.28091641760977,-123.0367101603518
49.28091367555757,-123.03643447422735
49.280910933505375,-123.0361587881029
49.28090819145318,-123.03588310197844
49.28090544940098,-123.03560741585399
49.28090270734879,-123.03533172972953
49.28089996529659,-123.03505604360508
49.280897223244395,-123.03478035748063
49.2808944811922,-123.03450467135617
49.28089173914,-123.03422898523172
49.28088899708781,-123.03395329910727
49.28088625503561,-123.03367761298281
49.280883512983415,-123.03340192685836
49.28088077093122,-123.0331262407339
49.28087802887902,-123.03285055460945
49.28087528682683,-123.032574868485
49.28087254477463,-123.03229918236055
49.280869802722435,-123.03202349623609
49.28086706067024,-123.03174781011164
49.28086431861804,-123.03147212398719
49.28104413160391,-123.03147871118809
49.28122394458978,-123.03148529838899
49.28140375757565,-123.03149188558989
49.28158357056152,-123.03149847279079
49.28176338354739,-123.03150505999169
49.28194319653326,-123.03151164719259
49.28212300951913,-123.03151823439349
49.282302822505,-123.03152482159439
49.28248263549087,-123.03153140879529
49.28266244847674,-123.03153799599619
49.28284226146261,-123.03154458319709
49.28302207444848,-123.03155117039799
49.28320188743435,-123.03155775759889
49.28338170042022,-123.03156434479979
49.28356151340609,-123.03157093200069
49.28374132639196,-123.03157751920159
49.28392113937783,-123.03158410640249
49.2841009523637,-123.03159069360339
49.28428076534957,-123.03159728080429
49.28446057833544,-123.03160386800519
49.28464039132131,-123.03161045520609
49.28482020430718,-123.03161704240699
49.28499984888055,-123.03160341604527
49.285179493453924,-123.03158978968355
49.285359138027296,-123.03157616332183
49.28553878260067,-123.03156253696011
49.28571842717404,-123.03154891059839
49.28589807174741,-123.03153528423667
49.28607771632078,-123.03152165787495
49.286257360894155,-123.03150803151323
49.286437005467526,-123.0314944051515
49.2866166500409,-123.03148077878978
49.28679629461427,-123.03146715242806
49.28697593918764,-123.03145352606634
49.28711282334765,-123.03127463800985
49.287249707507655,-123.03109574995335
49.28738659166766,-123.03091686189686
49.28752347582767,-123.03073797384036
49.287660359987676,-123.03055908578386
49.28779724414768,-123.03038019772737
49.28793412830769,-123.03020130967087
49.2880710124677,-123.03002242161438
49.2882078966277,-123.02984353355788
49.28834478078771,-123.02966464550138
49.28848166494772,-123.02948575744489
49.288618549107724,-123.02930686938839
49.28875543326773,-123.0291279813319
49.28889231742774,-123.0289490932754
49.289029201587745,-123.0287702052189
49.28916608574775,-123.02859131716241
49.28930296990776,-123.02841242910591
49.289439854067766,-123.02823354104942
49.28957673822777,-123.02805465299292
49.28971362238778,-123.02787576493643
49.289850506547786,-123.02769687687993
49.28998739070779,-123.02751798882343
49.2901242748678,-123.02733910076694
49.29026115902781,-123.02716021271044
49.290398043187814,-123.02698132465395
49.29053492734782,-123.02680243659745
49.29067181150783,-123.02662354854095
49.290808695667835,-123.02644466048446
49.29094557982784,-123.02626577242796
49.291125440579876,-123.0262675099415
49.29130530133191,-123.02626924745505
49.291485162083944,-123.02627098496859
49.29166502283598,-123.02627272248213
49.29184488358801,-123.02627445999568
49.29202474434005,-123.02627619750922
49.29220460509208,-123.02627793502276
49.292384465844115,-123.0262796725363
49.29256432659615,-123.02628141004985
49.292744187348184,-123.02628314756339
49.29292404810022,-123.02628488507693
49.29310390885225,-123.02628662259048
49.29328376960429,-123.02628836010402
49.29346363035632,-123.02629009761756
49.293643491108355,-123.0262918351311
49.29382335186039,-123.02629357264465
49.294003212612424,-123.02629531015819
49.29418307336446,-123.02629704767173
49.29436293411649,-123.02629878518528
49.294542794868526,-123.02630052269882
49.29472265562056,-123.02630226021236
49.294902516372595,-123.0263039977259
49.29508237712463,-123.02630573523945
49.29526223787666,-123.02630747275299
49.2954420986287,-123.02630921026653
49.29562195938073,-123.02631094778008
49.295801820132766,-123.02631268529362
49.2959816808848,-123.02631442280716
49.296161541636835,-123.0263161603207
49.29634140238887,-123.02631789783425
49.2965212631409,-123.02631963534779
49.29670112389294,-123.02632137286133
49.29688098464497,-123.02632311037488
49.297060845397006,-123.02632484788842
49.29724070614904,-123.02632658540196
49.297420566901074,-123.0263283229155
49.29760042765311,-123.02633006042905
49.29778028840514,-123.02633179794259
49.29796014915718,-123.02633353545613
49.29814000990921,-123.02633527296967
49.298319870661246,-123.02633701048322
49.29849973141328,-123.02633874799676
49.298679592165314,-123.0263404855103
49.29885945291735,-123.02634222302385
49.29903931366938,-123.02634396053739
49.29921917442142,-123.02634569805093
49.29939903517345,-123.02634743556447
49.299578895925485,-123.02634917307802
49.29975875667752,-123.02635091059156
49.299938617429554,-123.0263526481051
49.30011847818159,-123.02635438561865
49.30029833893362,-123.02635612313219
49.30047819968566,-123.02635786064573
49.30065806043769,-123.02635959815927
49.300837921189725,-123.02636133567282
49.30101778194176,-123.02636307318636
49.30119764269379,-123.0263648106999
49.30137750344583,-123.02636654821345
49.30155736419786,-123.02636828572699
49.301737224949896,-123.02637002324053
49.30191708570193,-123.02637176075407
49.302096946453965,-123.02637349826762
49.302276807206,-123.02637523578116
49.30245666795803,-123.0263769732947
49.30263652871007,-123.02637871080825
49.3028163894621,-123.02638044832179
49.302996250214136,-123.02638218583533
49.30316939607314,-123.026456874772
49.30334254193214,-123.02653156370866
49.30351568779114,-123.02660625264532
49.30368883365014,-123.02668094158199
49.30386197950914,-123.02675563051865
49.304035125368145,-123.02683031945531
49.30420827122715,-123.02690500839198
49.30438141708615,-123.02697969732864
49.30455456294515,-123.0270543862653
49.30472770880415,-123.02712907520197
49.30490085466315,-123.02720376413863
49.305074000522154,-123.0272784530753
49.305247146381156,-123.02735314201196
49.30542029224016,-123.02742783094862
49.30559343809916,-123.02750251988529
49.30576658395816,-123.02757720882195
49.30593972981716,-123.02765189775862
49.30611287567616,-123.02772658669528
49.30629273196313,-123.02772919414873
49.3064725882501,-123.02773180160219
49.30665244453707,-123.02773440905564
49.30683230082404,-123.02773701650909
49.30701215711101,-123.02773962396255
49.30719201339798,-123.027742231416
49.30737186968495,-123.02774483886945
49.30755172597192,-123.0277474463229
49.30773158225889,-123.02775005377636
49.30791143854586,-123.02775266122981
49.30809129483283,-123.02775526868326
49.3082711511198,-123.02775787613672
49.30845100740677,-123.02776048359017
49.308630863693736,-123.02776309104362
49.308810719980706,-123.02776569849708
49.308990576267675,-123.02776830595053
49.309170432554644,-123.02777091340398
49.309350288841614,-123.02777352085744
49.30953014512858,-123.02777612831089
49.30971000141555,-123.02777873576434
49.30988985770252,-123.0277813432178
49.31006971398949,-123.02778395067125
49.31024957027646,-123.0277865581247
49.31042942656343,-123.02778916557816
49.3106092828504,-123.02779177303161
49.31078913913737,-123.02779438048506
49.31096899542434,-123.02779698793852
49.31111139057653,-123.02796553884426
49.31125378572872,-123.02813408975
49.311396180880905,-123.02830264065574
49.311538576033094,-123.02847119156148
49.31168097118528,-123.02863974246722
49.31182336633747,-123.02880829337296
49.31196576148966,-123.0289768442787
49.31210815664185,-123.02914539518444
49.31225055179404,-123.02931394609018
49.312392946946225,-123.02948249699593
49.312535342098414,-123.02965104790167
49.3126777372506,-123.0298195988074
49.31277264342307,-123.03005396732591
49.31286754959553,-123.03028833584442
49.312962455767995,-123.03052270436292
49.31305736194046,-123.03075707288143
49.31315226811292,-123.03099144139993
49.31324717428539,-123.03122580991844
49.31334208045785,-123.03146017843694
49.313436986630315,-123.03169454695545
49.31353189280278,-123.03192891547396
49.31362679897524,-123.03216328399246
49.31372170514771,-123.03239765251097
49.31381661132017,-123.03263202102947
49.313911517492635,-123.03286638954798
49.3140064236651,-123.03310075806648
49.31410132983756,-123.03333512658499
49.31419623601003,-123.03356949510349
49.31429114218249,-123.033803863622
49.314386048354955,-123.0340382321405
49.31448095452742,-123.03427260065901
49.31457586069988,-123.03450696917751
49.31467076687235,-123.03474133769602
49.31476567304481,-123.03497570621452
49.314860579217275,-123.03521007473303
49.31495548538974,-123.03544444325154
49.3150503915622,-123.03567881177004
49.31514529773467,-123.03591318028855
49.31524020390713,-123.03614754880705
49.315335110079594,-123.03638191732556
49.31543001625206,-123.03661628584406
49.31552492242452,-123.03685065436257
49.31561982859699,-123.03708502288107
49.315775103992635,-123.03722428944303
49.315930379388284,-123.03736355600499
49.31608565478393,-123.03750282256695
49.31624093017958,-123.03764208912891
49.31639620557523,-123.03778135569087
49.31655148097088,-123.03792062225283
49.31670675636653,-123.03805988881479
49.31686203176218,-123.03819915537674
49.317017307157826,-123.0383384219387
49.317172582553475,-123.03847768850066
49.317327857949124,-123.03861695506262
49.31748313334477,-123.03875622162458
49.31763840874042,-123.03889548818654
49.31779368413607,-123.0390347547485
49.31794895953172,-123.03917402131046
49.31810423492737,-123.03931328787242
49.31825951032302,-123.03945255443438
49.318414785718666,-123.03959182099634
49.318570061114315,-123.0397310875583
49.318725336509964,-123.03987035412025
49.31888061190561,-123.04000962068221
49.31903588730126,-123.04014888724417
49.31919116269691,-123.04028815380613
49.31934643809256,-123.04042742036809
49.31950171348821,-123.04056668693005
49.31965698888386,-123.04070595349201
49.319812264279506,-123.04084522005397
49.319967539675154,-123.04098448661593
49.3201228150708,-123.04112375317789
49.32027809046645,-123.04126301973984
49.3204333658621,-123.0414022863018
49.32058864125775,-123.04154155286376
49.3207439166534,-123.04168081942572
49.32089919204905,-123.04182008598768
49.3210544674447,-123.04195935254964
49.321209742840345,-123.0420986191116
49.321365018235994,-123.04223788567356
49.32152029363164,-123.04237715223552
49.32167556902729,-123.04251641879748
49.32183084442294,-123.04265568535943
49.32198611981859,-123.0427949519214
49.32214139521424,-123.04293421848335
49.32229667060989,-123.04307348504531
49.322451946005536,-123.04321275160727
49.322607221401185,-123.04335201816923
49.322762496796834,-123.04349128473119
49.32291777219248,-123.04363055129315
49.32307304758813,-123.04376981785511
49.32322832298378,-123.04390908441707
49.32338359837943,-123.04404835097903
49.32353887377508,-123.04418761754098
49.32369414917073,-123.04432688410294
49.323849424566376,-123.0444661506649
49.324004699962025,-123.04460541722686
49.324159975357674,-123.04474468378882
49.32431525075332,-123.04488395035078
49.32447052614897,-123.04502321691274
49.324578201762925,-123.04524427334113
49.32468587737688,-123.04546532976951
49.32479355299083,-123.0456863861979
49.32490122860479,-123.04590744262629
49.32500890421874,-123.04612849905467
49.325116579832695,-123.04634955548306
49.32522425544665,-123.04657061191145
49.3253319310606,-123.04679166833984
49.32543960667456,-123.04701272476822
49.32554728228851,-123.04723378119661
49.325654957902465,-123.047454837625
49.32576263351642,-123.04767589405338
49.32587030913037,-123.04789695048177
49.32597798474433,-123.04811800691016
49.32608566035828,-123.04833906333855
49.326193335972235,-123.04856011976693
49.32630101158619,-123.04878117619532
49.32640868720014,-123.0490022326237
49.3265163628141,-123.0492232890521
49.32662403842805,-123.04944434548048
49.326731714042005,-123.04966540190887
49.32683938965596,-123.04988645833726
49.32694706526991,-123.05010751476564
49.32705474088387,-123.05032857119403
49.32716241649782,-123.05054962762242
49.327270092111775,-123.0507706840508
49.32737776772573,-123.05099174047919
49.32748544333968,-123.05121279690758
49.32759311895364,-123.05143385333596
49.32770079456759,-123.05165490976435
49.327808470181544,-123.05187596619274
49.3279161457955,-123.05209702262113
49.32802382140945,-123.05231807904951
49.328131497023406,-123.0525391354779
49.32823917263736,-123.05276019190629
49.32837786665378,-123.05293591368664
49.3285165606702,-123.05311163546699
49.32865525468662,-123.05328735724734
49.328793948703044,-123.0534630790277
49.328932642719465,-123.05363880080805
49.328793365455724,-123.05381343085664
49.32865408819198,-123.05398806090523
49.32851481092824,-123.05416269095382
49.3283755336645,-123.05433732100241
49.32823625640076,-123.054511951051
49.328096979137015,-123.05468658109959
49.327957701873274,-123.05486121114818
49.32781842460953,-123.05503584119677
49.32767914734579,-123.05521047124536
49.32753987008205,-123.05538510129395
49.32740059281831,-123.05555973134254
49.327261315554566,-123.05573436139113
49.327122038290824,-123.05590899143972
49.32694622808595,-123.05596725483615
49.32677041788108,-123.05602551823257
49.326594607676206,-123.056083781629
49.326418797471334,-123.05614204502542
49.32624298726646,-123.05620030842185
49.32606717706159,-123.05625857181828
49.326074218039146,-123.0565343311077
49.3260812590167,-123.05681009039712
49.32608829999426,-123.05708584968654
49.32609534097182,-123.05736160897597
49.326102381949376,-123.05763736826539
49.32610942292693,-123.05791312755481
49.32611646390449,-123.05818888684423
49.32612350488205,-123.05846464613366
49.326130545859606,-123.05874040542308
49.32613758683716,-123.0590161647125
49.32614462781472,-123.05929192400193
49.32615166879228,-123.05956768329135
49.326158709769835,-123.05984344258077
49.32616575074739,-123.0601192018702
49.32617279172495,-123.06039496115962
49.32617983270251,-123.06067072044904
49.326186873680065,-123.06094647973846
49.32619391465762,-123.06122223902788
49.32620095563518,-123.06149799831731
49.32620799661274,-123.06177375760673
49.326215037590295,-123.06204951689615
49.32622207856785,-123.06232527618558
49.32622911954541,-123.062601035475
49.32623616052297,-123.06287679476442
49.326243201500525,-123.06315255405384
49.32625024247808,-123.06342831334327
49.32625728345564,-123.06370407263269
49.3262643244332,-123.06397983192211
49.326271365410754,-123.06425559121153
49.32627840638831,-123.06453135050096
49.32628544736587,-123.06480710979038
49.32629248834343,-123.0650828690798
49.326299529320984,-123.06535862836922
49.32630657029854,-123.06563438765865
49.3263136112761,-123.06591014694807
49.326320652253656,-123.0661859062375
49.326327693231214,-123.06646166552692
49.32633473420877,-123.06673742481634
49.32634177518633,-123.06701318410576
49.326348816163886,-123.06728894339518
49.32635585714144,-123.0675647026846
49.326362898119,-123.06784046197403
49.32636993909656,-123.06811622126345
49.326376980074116,-123.06839198055287
49.32638402105167,-123.0686677398423
49.32639106202923,-123.06894349913172
49.32657092391915,-123.06894493405824
49.32675078580907,-123.06894636898475
49.32693064769899,-123.06894780391127
49.327110509588906,-123.06894923883779
49.327290371478824,-123.0689506737643
49.32747023336874,-123.06895210869082
49.32765009525866,-123.06895354361734
49.32782995714858,-123.06895497854386
49.3280098190385,-123.06895641347037
49.32818968092842,-123.06895784839689
49.328369478539116,-123.06896536442774
49.328549276149815,-123.06897288045859
49.32872907376051,-123.06898039648944
49.32890887137121,-123.06898791252029
49.32908866898191,-123.06899542855113
49.32926846659261,-123.06900294458198
49.32944826420331,-123.06901046061283
49.329628061814006,-123.06901797664368
49.329807859424704,-123.06902549267453
49.3299876570354,-123.06903300870538
49.3301674546461,-123.06904052473622
49.330172335932346,-123.06931641628333
49.33017721721859,-123.06959230783043
49.330182098504835,-123.06986819937754
49.33018697979108,-123.07014409092464
49.330191861077324,-123.07041998247175
49.33019674236357,-123.07069587401885
49.33020162364981,-123.07097176556596
49.33020650493606,-123.07124765711306
49.3302113862223,-123.07152354866017
49.33021626750855,-123.07179944020727
49.33022114879479,-123.07207533175438
49.330226030081036,-123.07235122330148
49.33023091136728,-123.07262711484859
49.330235792653525,-123.07290300639569
49.33024067393977,-123.0731788979428
49.330245555226014,-123.0734547894899
49.33025043651226,-123.073730681037
49.3302553177985,-123.07400657258411
49.33026019908475,-123.07428246413122
49.33026508037099,-123.07455835567832
49.33026996165724,-123.07483424722543
49.33027484294348,-123.07511013877253
49.330279724229726,-123.07538603031963
49.3300998865292,-123.07538128213494
49.32992004882867,-123.07537653395025
49.32974021112814,-123.07537178576555
49.32956037342761,-123.07536703758086
49.32938053572708,-123.07536228939617
49.329200698026554,-123.07535754121147
49.329020860326025,-123.07535279302678
49.3288410226255,-123.07534804484209
