temperature,humidity
22.92713342968395,56.881684064002364
23.922853065114214,33.877656305922066
25.052798095359154,69.663655706289
24.89447271319282,74.06511173278103
23.92504702950476,47.349759004669465
25.061371903762712,68.47745707959699
26.41725634570338,71.04330744217006
24.77160864508969,32.738855765187424
25.322845867630928,74.10636869976832
22.77245358961433,71.93645617932495
24.01811662110092,58.99126195526134
24.793171208665918,78.88743539068912
24.257206017193937,39.20286107432713
25.34749198057134,34.643488222753504
26.413144694370487,46.124132554588016
25.727099711594082,39.8836802362114
24.78127976914352,72.66079395890503
25.030178926260668,77.10681828663405
25.266541171650122,48.33621360208234
24.36486142821599,74.01121722195873
24.918881047070222,38.105774409318414
25.59266398852052,54.42163604253521
26.541211305289217,61.18671671521375
24.579788949541687,40.95887899025776
26.799960516791696,68.8209680219335
25.838264897205462,63.55878113468712
25.389129739566926,75.36654862970968
23.473119590415884,37.34565433093985
25.24272715163682,72.67094500443332
26.158707066824945,76.00493263404206
25.488263996657825,72.48404797391167
26.430982936611006,47.43710379699726
26.89640456716957,61.3734845498138
26.477033909915676,68.18476094469864
26.418253652463832,40.361608820645905
27.356065333597073,64.89416517742399
24.06701112317311,70.36537195515862
26.45878002552132,72.1891336283887
26.395358619484668,59.25835848627575
26.043412271721,77.50305893670446
27.484116114694164,59.60604315921674
26.352101948145137,71.15278111411183
25.768609699787493,71.93829132079907
27.67940999916221,72.95685918318586
27.06231232959056,62.41194236197016
27.066391256487314,71.5184971827453
27.129512630408943,60.9460422403659
25.041202963049525,65.2253437848509
26.845556827325872,65.92736949877136
25.645329693576493,44.427488360839504
26.357435751747218,54.6296225587046
28.213858664183256,54.022680347756655
26.968492754168846,76.76274746277697
26.808785651097168,33.31788774177488
25.831248125553984,74.58060787251844
26.81515703911552,52.39407541585142
25.575741684231115,43.98957441755011
26.719332154255362,64.46130927701995
26.654674730121847,65.85096856694294
27.388595155150316,37.247968528259555
28.161076736604656,68.06667128611454
27.596181029164676,78.31834263289306
27.49341255909111,66.63708163940599
26.817507266511626,62.13539806265583
26.635135149928267,59.747507821723076
27.98551270512109,47.619081073290985
27.861055567597756,44.691148373993805
26.34631875597992,78.11265482052497
27.445812600773984,53.28349357408216
26.94892995814424,39.64285726817189
28.17508412050287,30.78027489226819
28.393173925081165,74.82637737605327
26.292959783200185,74.42462282514884
27.462742791157687,43.626672308302105
26.255187632842503,78.66316676641509
27.83195868343808,60.03841263983291
28.423316793440836,71.83917736362365
28.061245911670618,32.80565513651956
26.43782320078047,41.556699002608156
26.96733758128702,46.25872037350425
27.910356078222453,69.30303892496677
26.961887776548025,37.49529809758678
27.789083911586353,60.174106917216264
27.690125874321783,37.974009105707694
28.054068277525097,75.89877488309403
28.475565698054087,78.70019572517455
27.64325284499445,57.28387450763081
28.537216008282932,30.20488016355672
28.147923557232343,56.21673624120089
30.032073471196146,39.86904873344332
30.340406960454505,56.089312791049814
23.852388807035894,67.68586777156153
28.77991098548088,61.199498301919846
28.925219368390117,38.20504858920229
29.628600603666555,49.94037645127483
27.146913799684707,48.8469592599364
27.78285631795368,75.62191554463354
29.47740220373926,72.55654369517856
27.409960282332996,70.17627000474306
28.90293860553031,54.21217772193731
29.579694079499724,66.68371344956736
31.039603360383136,79.02646781642842
29.282232783680296,46.67012545009288
28.09727562765348,55.2074414154668
28.06081082376659,59.77799806572427
29.278555798508336,75.32871433735627
28.18875416691219,45.45948674367631
31.532542342914024,33.46494636624862
29.114374279825682,68.16824255718319
28.96016105170584,44.424077342189946
27.871928566315187,60.95166403950037
28.946392006516582,35.42778700440065
28.853178241360595,36.862138359606426
30.469540623537494,77.04751564957124
28.94805632959098,78.41011429246677
29.463075800802685,78.9074220050488
27.125934332635623,79.27146861550702
31.072322688664116,36.62423539926731
28.28424499262577,31.538021834569005
29.257665432401016,68.27778090250304
31.523513700323054,34.25309727949873
30.036454454063453,38.680066122600735
29.337194525079585,41.7738114382555
28.189193829139196,54.00558598603756
28.158887255415188,72.25659385775688
29.438474424786815,32.20399158517462
29.920402360862063,41.897818727476555
30.04983740634779,34.10964179854932
28.427990770804538,57.27002862620188
28.53502106200596,54.334922662021285
30.653814897363993,45.710639415571755
30.699501297601095,72.41929087189192
30.057347787446886,56.71863090914252
30.779735689918507,39.479541871184765
28.692906776727543,76.97483886981462
29.324903435437033,46.31896569429283
29.434499394144577,59.00266414427505
28.552407611149597,65.17788729990949
30.529517628502923,53.33426596835385
30.26258995954558,51.861935113294095
30.249617548497362,45.81863271627519
30.208494671340656,69.52327200092904
29.635075807188702,45.68307396022585
31.67775291915909,32.352596458456404
28.740689504603107,47.04704064943005
30.011680062978588,40.18475804454768
30.069090924707258,33.256491303889604
30.412081626575286,66.30003410496397
31.74701053715703,58.08420892947427
29.62035015721927,56.71691593450085
29.500682201989846,74.49688665811325
27.471586225055656,47.5256624650709
29.628539089866948,57.915316649773146
29.954415101001473,56.48521290213568
30.87819110288949,46.09493900739792
30.0148953157422,37.77969614820692
31.476494581910455,66.60709216451133
30.123298338971424,53.00020723803299
29.40404741347421,78.32351041485222
30.610122844161687,35.93178512494485
29.663384243098406,40.94207727454511
30.411303256831516,32.772653976798175
32.03968793347316,42.92132325104309
28.835234647396593,33.181628939311366
29.43825533503084,37.26200298081253
28.954838643477025,70.29405041140092
28.823252469095856,67.86710106637373
29.44249817268949,37.35202907573078
30.730192850577982,58.81054503953123
29.164893031200386,49.891435539060666
31.09881113512905,52.22879011206876
31.12250977923682,68.27642413872448
31.45580342400985,58.31020276687788
30.612376993750345,60.8675090643855
30.072277732157875,32.68817690268929
29.851461153359573,31.643138088726715
31.482122486774287,41.70595907841961
29.775958509108218,61.54187750445834
31.457950747129313,62.1145653629635
29.927124931689374,34.415331030616
30.72909771981952,72.65847138896271
28.81165870901563,35.88186970395573
30.20906807867831,76.79450169327635
29.3996278107318,50.09212916873733
29.441739306103987,37.555536658532766
27.563273584359926,53.187190882906734
29.2667279544056,60.45965029731933
29.426464000520625,49.240345839009194
28.8433513148269,56.964968297657336
30.277189647489962,59.07109848266844
28.546182620632507,56.16724929614257
32.468391891863526,78.27840827978609
29.142330364538783,56.394127061023
31.05057838258405,62.59405159041331
28.84652485007656,72.62124124473917
29.058603323998256,71.21058207436442
29.419833091572443,44.039692776801076
30.126800521630035,30.091326862583895
29.919528686840458,51.120720570409574
29.70302161789968,72.64826479280552
30.78158245141561,71.72607286959011
28.877623420561363,66.58547326298242
31.65902133582097,71.73135795687743
30.02243755363482,39.45720845611234
28.76667277149021,34.224686956154706
30.414582575532737,34.01353100605256
30.81048629816247,47.882137653216375
29.761364407444212,35.017553139552774
29.301943181023695,33.65564287662201
31.677417709997542,57.18253754872391
29.980475952649837,56.178239159711154
30.361861944181566,65.70279091908657
30.411322985590708,64.10402597884678
28.642684026751713,62.54579055985993
30.113719802711618,72.8054893488399
30.664948231552916,57.444761865925436
30.457433203479248,57.3791212114333
30.50646353277284,78.98877715315997
28.737821292390738,55.4311108790848
30.547876035652198,77.85224264794414
29.55458454096682,70.84886288535512
30.436023395326362,59.75286185562241
28.907899084680697,49.79077542869991
29.95739083982786,46.985007000346684
29.610100077294444,46.434010185636254
29.707629452698704,59.97122662956686
29.270511358687653,77.9149976243315
29.619746964930673,73.77804652410568
29.669669865573272,40.291984698220475
27.910388991729086,30.605868236605687
28.104021486571714,52.4699638325926
29.358780203245157,71.03200326054497
29.005196293573178,42.76583722933945
29.064797762171786,63.54908595016449
29.489969988307923,31.422009601465575
29.551624257576957,38.236814390972825
30.07054900911473,68.25191024563095
29.31146588062352,38.59057769504425
28.27217227307089,34.31722783685443
27.57719374613019,57.3065096364313
29.352548782802884,34.74427609097669
27.91823149796342,70.5814157594993
30.256565688018863,66.29218601380785
28.519140001715247,67.88492439317932
26.56986888511581,47.85711645900333
28.02394290386275,75.506952973732
28.467755427769603,60.04540918604904
28.033387990860284,30.134085079642198
28.859565083031086,45.86995765979653
29.43868896059752,34.86316560771666
27.605776813407473,56.584267761365126
28.628950948778726,37.06335666734345
28.160635432245975,42.76705083005539
26.79540546861514,54.940888629954124
27.16060565306515,66.62698222351361
29.028178019589166,66.0254963138456
27.277812419120323,56.25811539434636
28.020343582286696,50.964363834214915
27.36907035303321,74.73687337034525
26.05341613222743,56.490926272576026
26.781752931134537,68.39384226632359
29.247376059872074,59.62925161676492
28.66694073315856,41.77386867749378
29.06981308169114,42.19931588329299
28.16088386716771,45.93603087036822
28.068088046960085,33.15894501617216
29.943351324485544,71.72837977469618
28.545935254370654,74.67267574182463
28.71659135263827,72.30846989030957
27.75692046755131,61.359987663504356
26.65267144929097,42.773751981377636
29.05326761438948,31.355604505089588
29.041018674189502,72.07709269399469
26.673184279831524,36.313241602742245
25.542969095741856,54.69355745535969
27.00746488244877,41.68249556291047
27.073859116291796,59.2914587826509
27.26095889028825,53.88174688325268
27.465860700889767,55.6110316191736
28.551249834899924,71.29615272987496
27.823533080908263,64.3280907599198
27.69695342127072,41.46936877418188
27.581013969365483,76.14330718228909
27.739678268041022,34.640342543926735
26.616885924852426,79.83239889381751
27.08258017537318,77.761127794672
26.430711160551787,54.07977200160168
25.33142017055527,60.156556793220346
27.563711814019623,37.36129543843359
27.8979105975027,79.86909669610782
27.60672778762574,58.38000614442171
26.568237603585537,47.528065106284515
27.60600927743965,65.7764101322052
26.800053313008657,43.49850447970285
26.690701394657033,58.06016971947341
26.498176003218177,71.67881139502825
27.05919183182648,59.571893749694645
25.265246186203434,53.22168578593323
27.555327533643442,57.47337806821514
27.23919324953362,69.23180376958132
26.894024141115207,62.03427910090802
25.743589900934783,31.863975266559297
25.48898395487856,58.14050870763023
26.627872377241903,73.72370657447054
25.439479132285424,72.67747939048989
27.783653644199006,63.660123356183966
26.19676690549512,45.42888814438248
27.39346484651542,60.417881753520874
25.818413058657736,38.01066221981804
26.220806552247698,37.429204214398915
24.050265150600367,35.84761202868469
27.515098979808762,64.52134776888857
23.997921146844572,33.13654193893632
27.14298821145396,44.98043743663537
23.534174647502976,76.0739497846906
25.125531505065812,70.24299978976157
26.920467427887377,74.93093007107976
25.825135242490894,42.197328301333
26.27737940040362,56.45978670994
26.218177124557425,43.5364987588468
25.369510825580182,53.488854196109656
25.407159002807774,30.770390719628804
23.99963242759031,69.74833893316301
23.44498583224898,66.48872618267936
24.795877695317078,75.43143845808635
25.953415084131134,41.54829114957157
25.905010407921505,66.54306643839483
24.8315819294288,42.986035349136635
25.083918833984523,69.4674160334491
24.896999791445317,38.30363634874972
24.2896334969947,56.282840046406506
25.59098085300038,53.61801138992019
25.394937452455732,58.98911473888123
23.026842026920416,69.32950371839837
26.723253782116036,51.724914683245316
24.680759417400186,36.395402322672396
22.779568698307507,46.20306969116221
23.61398075189352,57.149222471528596
27.348138322641894,43.62099221198186
25.26654581525912,49.586164596220044
24.922584537640493,61.54014796246946
23.90210578359299,48.49501075007704
25.448110763389714,75.19559438881552
23.400201937079924,79.05662371386887
22.706268629313406,61.40253664058795
23.095857507286084,77.38417775147595
24.873314033310248,60.598051077011924
24.270895061951393,74.30221636590558
23.628948893336357,61.536182120750034
23.60102824475546,42.31458868101621
21.869839347588794,53.22394810289026
24.066679008021502,41.38481429377908
23.66107276578868,51.89917287675259
24.839333193343744,38.73986810872326
25.360816232249775,68.37832919858147
22.54789686741556,61.855476873205646
24.97010416121247,51.71349776655367
23.255086338779908,44.08871331323626
24.578721720301402,31.48234524345996
23.714490445385895,61.545989237332094
23.835493485836587,63.90482911517658
22.99226410367692,68.15582297775839
21.250340943713507,70.64970411725287
21.804742247572545,76.26922858172055
22.91430777821237,45.984847716677685
23.74476704210076,54.36408920981119
21.677269147638576,75.45630287093692
21.90853649829913,31.121354859783107
23.799449849699922,72.88580077103597
22.126297171673443,62.9425384447404
22.070451114116178,43.35711758865745
23.887666149068753,66.42888649075903
23.177112121205216,70.40430882419541
21.82936970961176,50.90118835362725
23.61224983581492,63.62413305515922
23.432988764490673,48.3127417412107
22.835175263673886,45.887036675235485
22.547517673414564,45.42006884234385
21.793770970455956,65.20372368437219
22.562230513394688,41.80649739618723
21.169103739662965,63.94990819066134
22.066930939996016,56.82244675456202
22.7027425167225,36.50110443448841
24.17952663367318,33.267485463297874
21.874294426353483,70.37376819503557
21.211075848697973,67.89480183917162
22.095761320638715,62.73760641455826
20.96217536921382,68.95969010052055
22.158238651773672,72.20046529645072
21.403834850700914,79.41046807005594
20.602251009035175,44.05357051057044
21.78325720148709,35.57331019506316
21.064600467955163,70.62459422533047
20.95321786110033,35.31362732565124
23.35266631045839,57.87497719683276
22.323760945026464,32.21582513211422
21.961670795879822,44.16813174982906
20.230816065806728,72.49754829752848
20.340916384470148,78.11182052178468
22.099168848300483,37.995091731527594
21.438091695222433,38.87041401314567
19.979893713214977,55.55065294651394
23.65284552683746,39.0073750854827
23.427804211823066,39.81917919538422
21.58745474457209,36.64165558610152
21.997532175508464,77.93806938288698
20.92178345829891,44.626655955194906
21.101549387183223,66.40271707539708
21.984760275548236,52.36017154214427
21.24827321997131,61.65363785782519
19.26263432460913,64.58151669984534
19.445018973317133,44.039232265727804
19.92885367674996,64.07427589320366
20.123322892431407,58.380492013086325
20.439929499338014,41.68308148673112
21.587756758899662,32.406976277864935
21.858310818580485,36.24835087217057
20.217441041502692,40.856236840179875
20.61263883707181,45.869239975879836
18.524076081610733,43.65173698709013
21.524553592661313,46.321890758854785
20.90861469435775,33.94620027138807
20.224863260373578,69.1113960436257
19.22962012558952,43.05502102424474
20.239735486410623,53.23409720445386
19.892840799303578,50.55422145452517
20.094129085952087,61.99728538263254
19.936921155194156,70.69832731455412
20.18542932922281,55.7794421817145
22.70721538814675,59.622010375854614
20.238005059810803,49.07030586993038
20.214943392180412,55.30025201390136
20.60573220071586,63.74305720112883
20.473039786709823,39.14751294126616
17.720846634763717,48.8921084621921
19.340498690702805,79.95804661208884
18.854616064960542,63.50824798194486
19.769421106862723,61.59784883395827
20.669968508884274,78.59131247777897
19.422595902704806,43.17220567321037
18.52025311432546,64.67094447727358
19.16721294253781,59.383601807449566
20.294131189580344,34.380513570330685
19.415503572560503,43.848883680334204
19.74492982807041,35.69844900195386
17.948295996978747,69.17904711282783
21.187695053983457,40.26499922522915
19.446620172348695,69.63257869050685
17.693939059999234,46.49761599171118
20.36636400453556,64.55161498244054
18.643761146275203,75.66071435863384
19.817706533437132,47.008081964318734
20.578507734461017,76.13269194914695
18.151361470627858,67.83394352845052
18.696104374822635,41.22617034239224
20.883385531621236,78.0157175321447
17.803824850352818,79.58270188077361
17.52107268095946,44.00052454164468
18.76021352600101,36.12235152315733
19.75844159896284,40.91414844258501
19.99091063235367,58.161030992830646
18.2683487076083,62.68949938524855
18.193115623549055,48.42581494423895
18.283429623073186,62.405653012151106
17.74545319621935,75.11357307225342
18.516203577005264,39.724030154627116
18.36988379239073,45.45149337558544
17.16987049756829,63.83352238220992
16.876306830313396,49.58958997155729
19.11475610914755,37.45044142180395
17.65173968560415,30.555176519593154
18.384149407637743,60.4264952392734
19.073094039636114,71.33699241267966
18.09842228306341,58.84420548740252
18.791560503923773,78.12361798770968
19.505398845660192,70.50407296396372
17.584519499757196,60.99401885751916
19.438057677673832,72.42432686087201
17.438977422668145,54.98046209293828
17.799352977561824,42.589185643827946
17.566607595323042,77.18500671698655
17.84541323296948,32.5758796321128
18.300249668663064,74.27266207413582
18.37554633563981,74.71027969094283
15.794759224356623,78.14068476890942
19.148489852711684,71.00616634744088
17.217352239403695,78.84315867951122
18.931135832516933,62.753010853683044
20.353443583182937,51.04093408045201
18.87827113290426,61.37303872064672
17.2662096974577,58.387406285440605
18.081384306915282,65.47356315519919
17.29907106356942,30.22754524062219
17.070834278049677,68.82037657775824
18.57207643941209,43.115510372835416
17.95690181835371,62.13218342779356
18.544511388408058,64.77003146141081
17.302653586250766,37.22285204149443
16.414475065631336,77.73399495787109
18.328733457530284,46.53294312738125
20.624319064314516,50.03592940259171
16.0744835053986,79.92476210317753
18.86679881038523,57.663061358174545
20.374102163243816,37.946696340195
19.377053163518422,75.07290561237245
18.667344276417804,64.03192048338914
18.32177560504449,75.63694295637386
18.73668659066701,38.176301085294206
18.638334479096116,70.51011937313245
15.190929155873036,67.39053474729867
17.857128049458126,31.716360543110284
18.34435208543456,47.95663930960302
16.76839764518999,35.44152020456583
18.136379688385773,74.07699437426916
17.755937770233587,64.19261111336101
20.042250163872993,72.33120917597026
17.308854662827112,76.23077291153479
19.049243338631655,47.88417184621443
18.340586035466874,43.3708483118463
19.12343370289841,46.02525975204483
19.381274797196454,78.15418101352218
17.6605914465279,55.094053629079596
18.213753154418285,71.84435460221889
18.11397984767302,30.237001092684284
18.66631971206998,39.68632378614051
18.305510187274436,70.24144691819495
17.440935255187625,61.707354587329945
18.540529472266694,32.79426506844278
17.29241927878581,66.19775669552683
17.08532179954239,45.96521340270958
16.762841893299147,62.06669379213898
17.673148989750324,51.15418971180152
19.117508345115496,36.79380982733166
17.372531034983783,45.59961405461666
18.59390873599244,48.23285297868695
17.705469114092953,44.27642908731419
16.640195446528903,53.715695784896326
17.072458780917998,52.119342589673074
17.277448284705986,71.88073720242353
18.081613035762903,45.5081825839858
18.39246698472713,73.0018012375247
17.538449478400114,30.491595770459654
17.058513788671373,32.46139989604276
17.15025210584983,40.66151531457438
19.615735454097514,48.49629817235546
18.114432560042065,30.52735490242373
19.94713409636706,60.85812938245594
17.434799065953296,48.497325796977655
20.036485808537023,67.17465670240729
18.067424767008365,59.84903993395687
18.310271465576186,31.02370862675943
19.385627955329785,55.27757357799325
18.14108926273062,30.295721048890858
20.034362517462082,69.11294873099845
18.80121635216752,40.74172098916776
21.236322041473485,38.01026810688616
19.43769777178496,75.7935604428157
18.20288395911274,42.87412306416091
17.128004331313022,59.50983575022025
18.810291725786545,30.62621328832973
17.08161818869904,68.64957013568963
18.792468720653282,76.35876392899092
18.039035515371133,43.074182953507496
18.694205364658966,78.09431563763931
17.904310018137487,75.21882528638606
17.50884367221593,54.151000073160475
17.334206077349187,52.4596709092918
19.721147779766945,41.3601774001562
18.954466404823084,61.05144461240122
19.857997335819938,76.32779337956744
17.9587512525611,50.45250377076282
19.946865662507122,65.35808524513016
17.90989727441529,35.643108620201566
17.965992975474315,56.90969470054003
18.36798147591638,53.29413634243954
18.122309195790017,52.37585982919104
17.067423291675215,78.66167491522167
18.958395424318834,32.26347205366875
18.80817349253823,44.16993249862181
19.090598690507175,55.535268824421685
18.924803746115668,63.623399935918776
19.659482297839368,46.23681102230647
17.509728169774593,77.32766346289841
18.80099857043263,54.716222302742594
19.785840007520438,50.948828495368126
19.326458779629114,42.07072455911391
19.04585833638572,66.68226310137337
18.88306343275269,30.64693606227884
18.041681854326292,65.40536508304679
20.63286847216522,66.61586375160411
20.205105118669294,35.91627119734319
18.821988908138394,77.17495024005355
19.230645941110083,49.14994475915732
17.37922272639829,36.98164084879165
18.011869422798995,58.27970067051092
20.456087909076054,51.76348779626876
20.07953383347887,64.87173200105723
18.598246241330063,32.043754704778515
17.95393567995174,40.97669942584788
18.93318615661039,61.278937824074475
18.28589646831626,39.06007406329345
19.169754050868242,67.5035853168726
19.750097281062022,44.09399241062168
20.733819478389233,35.16417009579055
19.391690536470612,77.53096793248899
19.984265955944206,78.09902528787241
18.32813045565775,79.19313929197784
19.75590667018984,35.90199704712189
20.268168366843557,63.082789058588304
20.19628301765006,74.24152140857244
20.211965155642876,46.93139909448151
19.34591310601649,66.7301209452745
20.215324049833466,43.52309301062988
20.378604164697226,49.241355560275125
19.150985671132833,33.52356493272987
18.494047912892963,71.08064381753692
19.670803168664115,78.44703013210551
19.54606857820777,64.0839223067836
20.988354274002564,34.892501534167856
20.867036919541114,64.85485277601882
18.590224709245394,31.604231497327934
19.331042739660855,58.57153812244614
20.287513008150533,71.60794344905614
20.071511396856028,30.995035308204944
19.729897576623674,72.20434614446046
19.592286263974017,47.73653921099676
21.246275039394423,30.781829723051995
20.085547564724855,42.26140744988413
19.359821779092325,74.22838090165791
20.252234641581826,54.697656657320394
19.50394744326705,76.1864067934205
19.793337338384433,44.50483266445667
21.22336311861087,75.05981893813984
19.61962124748778,60.764200653825014
21.945570684846324,79.9503230821407
20.845864644831412,36.19097619216092
21.22278913786404,72.3590008894767
20.209844748079057,63.68032424633602
21.091011771033482,37.99307119392595
22.221537545344564,51.141358455499315
22.15545844746742,58.759255176962725
21.049928998991295,65.52852531031837
22.163053788365445,56.189381554763
20.919009087012718,59.46393938920737
20.8908812385279,54.25886375628686
21.335813288850492,73.35806181532917
19.898378997391397,75.98121373866715
21.042936402266978,56.64661519148679
21.207485971257476,76.10739416857206
21.180524964149825,40.84425656317045
22.46862925030638,42.52681021437727
22.096747700530106,55.43849850296456
21.497272321948074,60.693668504738724
21.98282787784632,36.99498449275477
21.650130088146263,67.2292048715082
22.193074512272073,34.7004389576284
22.08846344375296,50.546313177809495
22.275523381715782,44.60598199067977
20.8272477583496,47.5147334849525
21.381001323175294,75.68791082997993
22.73718273052813,50.070716112787174
20.89538865767336,74.96633090003169
21.96177318147732,65.26158767701239
20.801060458539855,37.805074533267415
23.77060695425771,37.4517757046982
22.04295988144551,58.552246515327525
21.807644353991424,43.78938742493544
22.929472327044415,70.19566278790893
22.199992572408195,53.71587104204676
22.527342658698274,61.348364201485765
23.895163936238422,68.66659413055936
22.010884574222732,40.160975358475824
20.441859600707907,73.35747302348906
22.934937267769858,68.79186030082198
22.95440184067871,42.50097611595142
23.662222371935044,57.87062317157327
22.73475788067911,31.15254326315194
23.12060401400944,30.301895372478068
22.149258534615623,37.13831839688356
22.92891249910931,45.87916548437486
24.85444960040063,77.05253859695736
20.90876218207386,74.64444367029955
23.08050453400932,49.94880863042834
23.80898567005001,36.81348876584407
22.096840592228443,63.35935213184921
22.394404509242115,44.9765142843313
24.668389839682376,76.66459614567074
22.159719116637486,41.68494354319861
23.110623037029768,36.882697156360464
23.475945336029035,73.23127392029295
23.941344749340374,39.56140896942371
23.8814959867756,61.35538030355758
24.176687736244222,44.554886730231445
23.37488056428384,37.21197762495399
22.77405893433215,36.41805713534795
22.74945985465317,60.651368771792065
24.053682735967847,71.63545857447362
22.9017084127137,66.05879848861815
22.306193089807106,73.15043272506652
22.514283253325868,31.51449239305334
25.118355864726446,62.23146551405527
23.934647340588885,71.8685389084578
22.77788071902968,33.26118134152526
23.91655453650594,62.23812514545479
23.75739119186237,31.689175421478083
23.1874878051792,65.17320902060081
24.065786939976338,33.30412265155041
25.512339338207905,71.1669375615987
22.854588478262205,79.42016330838462
23.478294228525357,79.9635631499197
25.256468278638923,71.61194690528995
24.154057594145957,70.26093090997841
25.203297570841247,48.64954468148814
25.414810663969998,72.88466841534859
24.682964457512856,57.25061119948485
25.034321600731452,50.67368118108736
25.433636881097723,73.26758117637198
25.686651961349106,76.1831467633653
25.217538434467016,78.64517605350613
25.090458955885094,57.05707250061817
24.611622333649773,33.47476960719489
25.027350660125332,56.82668885597856
26.094216172047183,62.297011473214575
26.591150950179706,57.34800290739176
25.84957902135063,33.3476397892432
25.462264832599868,63.199927513503354
24.49140499392779,37.725087419511944
24.537859833993068,74.57148433403964
24.716892114990472,45.60178074001348
25.72606170902607,75.77835069501438
24.380956982525287,66.55662278757268
27.76186943264617,76.0845977974573
25.253962732225425,43.02398952455505
26.240305480396305,66.26280955238377
25.56873799707121,52.70623457897739
26.059474528943184,76.31168338678901
25.925652780772374,34.464448558307474
26.068704430287738,43.38741387455098
25.045073579395073,51.44184531695866
25.331605505303138,46.05244171388203
24.442344988794588,75.48617484598844
24.53649187417195,56.37314271800187
30.410388891270323,56.35441842706439
28.08557880128166,62.47080951476467
26.377847607654566,68.88953396670274
26.490675243215044,44.472869955782556
25.28455955207074,76.12250138108882
27.274087184010316,74.73218910888457
24.76274746654153,49.74679309144828
26.087199426565828,52.8785634439129
26.119278942512064,40.83679968445599
27.22569288191366,34.812505433456934
26.588531438941995,79.31490586588508
26.342741909572567,49.91352624516979
27.527156040192597,65.88332953568914
25.55211851536184,60.45766254983222
27.67620083941994,75.47146418123978
25.84754573955197,42.935426825562544
25.981744229024933,63.25386003355148
27.075806888655396,71.9695981592462
28.590514641338412,65.17914895247795
28.89484690748128,48.17211964221642
26.672086760951384,56.1884052780963
25.86638736971301,75.10951636957635
28.07161917260432,72.64969441961446
26.06185198016466,65.33812788988703
26.28487993529626,65.85888382358344
27.52900088976895,45.285962339523536
26.894191310482732,31.508371210162107
25.196741384804234,40.62422262478284
27.460424854864762,78.45687205581567
27.28019274553803,79.11546750700504
26.326867397762527,46.08467001385421
26.020008916008337,55.91627914835421
27.656376658552308,79.99518537126409
26.31026876857437,61.447090709483355
27.33035723236815,45.355424631806414
28.814738686907965,33.94894075152355
27.706500303750484,54.54309704650319
25.883408231601265,31.460174315462776
28.0023047131165,53.89476079514442
30.689647948318555,35.24737872482881
27.466994318431098,49.01132160858185
29.52504443567115,46.30481869589282
29.7133852286351,53.74923273679271
28.718728992238393,30.701951558111297
28.837709309655008,45.04460203866651
28.72731178184851,67.81473578869205
28.711153338788133,37.88421268632009
29.494209574185415,35.47488463479851
28.868210467420486,66.80643378718685
27.320094309701453,66.76461565648638
29.56606061942638,53.150053179279865
29.651198231443328,35.708845121687276
29.442196629884553,37.37124060335487
28.45584936189559,62.89915817517914
27.97529373649029,44.10988657731477
27.32216743455512,59.97297615448199
29.107765113078024,38.87511896168359
31.100621312190267,31.377560316711445
28.749492324583265,72.40180809381982
28.74539771749047,48.894198824416875
29.938104464344107,75.66329394222333
28.688218771632677,65.66189696883231
29.2722428062158,70.450247849855
28.560475511286143,71.06705476739062
29.907052029278418,60.247930809947434
27.95502519988193,67.0775677841811
29.751906566965697,52.71985017462514
30.149245694881124,64.10819365787503
29.167838730825732,30.548460955270286
28.690129097613745,38.79112828384854
29.227751610424097,45.697329639642845
29.315722782139176,78.50525673353431
30.98333260422269,78.83691119435423
28.23069304416832,68.06750513765832
30.05223731248697,40.271799032220656
29.456859951475383,68.25288673736898
30.454049473032413,70.40433560121024
28.89001729665531,72.35350043509317
31.110177033634876,62.761741576352954
29.29597294696764,68.96446405747967
29.11563364371308,61.13240577022148
28.750449725441207,76.69713362835668
28.53273936681915,36.29829760745359
30.236017600849753,46.364055935965126
30.411503070538757,41.181815446128034
29.658273195089798,53.43346503833565
29.699986637284216,78.34982264580484
28.75360964929159,47.954522494598734
28.239187176816937,70.30402992950403
28.633402762433917,31.48659853646978
31.49119756308545,64.77686321995262
30.569116280525787,63.099868245385025
29.48264320596799,47.709978947368214
29.351039542600926,53.51023715957358
28.279519309200175,38.06145915100583
30.16800271629864,36.53533973799917
30.372760252890682,79.48860102563825
29.404488731111794,79.79044454573064
30.579859061403294,37.66555939174721
30.21406983809844,63.45967808427759
31.016524264596555,39.268908242413865
31.201016034713355,52.717503249095145
28.25013052326682,65.41491178109281
28.993769682481854,36.05087013030184
29.332193130081407,75.1544378375867
29.124772318928535,62.27921816810834
31.32816008049065,73.06297195255407
28.486510470830513,78.68764742961557
30.602139924288014,31.05805703550897
29.03620284289926,70.09589170785009
32.29986690860317,65.04679568623274
30.74251057398623,53.40193936074697
31.4535122485699,36.70968895509926
29.29272108299338,54.24486371805776
30.42526798008814,75.77848954189419
29.812520850109795,74.32165868051817
30.5202906727,75.54690311228936
28.694474099849785,55.87404838469155
30.04030474727255,51.31105204918054
30.70475716951187,35.41717808157159
30.973796252893884,56.609044500915516
29.720368942561464,74.86200863559782
28.48384754871914,44.956605758093616
30.913546939902094,30.37178594428419
31.260232243289213,61.937892475701496
30.578396311731947,33.780242737554886
30.623059311721548,75.20972452550868
30.7285587842965,60.308629996738546
31.266780434739186,61.73187458363084
31.973974981085714,66.37461154641554
29.86441394401836,54.771482024396406
32.10347612158571,48.540369969708934
28.706502190324972,42.440680766981075
30.02349521856081,73.26037706566805
30.470326875971352,63.458384841604285
31.677480836548995,49.62625964493266
30.656018746064348,70.68117555583042
30.445848178619407,67.68910994120924
29.622739522872454,45.6133225047015
27.971550351191656,53.8361998950181
31.34465142851541,46.33448753514917
30.851487432832677,51.21092039494759
30.240288348665583,42.79192547052402
29.02748724671114,78.74580935949307
29.80499472221345,38.44272008201231
28.80284038437094,48.10717507421213
30.98267588901654,61.78637743094278
31.823800149846395,77.49379007649847
30.41870972323033,39.43553838938048
28.77972616141895,72.91857060005555
30.036592989885644,45.34708696859005
29.247160991957724,53.134792795717814
28.512619392155067,34.046885603359385
29.378563165517058,65.68152387346495
30.133054261192537,77.58262726282554
29.955578017442885,59.90209812780379
28.889847575293064,61.656730874412446
29.413536582513238,39.12613271723801
30.31050149176625,71.45704919319863
29.35254778218292,41.78162251187232
29.220845634026496,35.172398777669486
30.50146564565425,61.77848567765127
30.167584783261287,50.558343302577484
30.192903226730685,62.07307628856988
29.29218480602534,35.48438114053161
29.788720862290138,34.31868096330038
31.108069232931193,69.17638899850897
29.092052434957495,60.91265025385029
29.28912535569002,54.778306241127694
30.876567737764987,74.41814306698524
28.866327788652846,47.83867181393133
29.14804159826776,48.86179967489139
29.74564107314128,59.47083777383564
29.41287466000609,38.10537839884523
27.999803912672157,50.02876553919613
28.70738855490645,33.704689302816845
29.483843751391756,40.54873548342484
30.47336762312051,46.24961106003359
28.95476230851257,44.69908580984239
28.59016123862545,32.841943833289115
30.121955418441807,52.455996247697556
29.881131221251426,36.66420951201693
29.966068444297203,46.62865280868509
29.47503866514986,54.27254371899697
28.874081954958875,75.42756769217002
30.59874699318744,53.34697984878778
29.69220097017504,62.454003524602385
29.43875261556473,71.3275816124868
29.40448112640311,57.43030731849137
30.243279948582405,44.96306057896653
26.68696362452695,36.62764148075558
29.409107638040965,47.43157362757685
29.739284641157624,30.503575645030857
28.486430105943388,51.61638063196199
29.488096845196132,56.34538843524395
29.597507916551915,61.58614830154886
27.97760821979816,36.73591049156255
30.641953153875967,71.52699234173312
27.972287789814676,65.94462784712988
29.673237983663526,44.950076554571595
29.608781025630613,79.03620543671332
29.81820796071556,31.75304911621591
28.322836815759054,63.51371152700496
29.83812571963859,65.62721414945707
30.724050902445217,39.59772410389796
29.245637665096336,79.56466574388068
28.73546995387221,66.74982324719193
27.87202558985308,65.23403576275703
29.4020789091053,68.6411948068102
27.780968363213187,75.37453264913994
27.970609117002667,32.27206826937714
28.690585841363433,45.29633719384633
28.866298177051032,76.9986377695071
29.27079969629669,39.09225607059357
27.91859909137604,47.67624651246001
28.104663505847586,78.5795661771209
28.03647207378821,57.58903070758879
27.449992402381064,57.14425283676484
26.868160632028395,66.04232155805889
27.592013964584375,33.23029851333559
26.117200677882284,37.56788509923493
26.176659760349427,69.8876505072453
29.773903490004994,58.199757040176465
29.582561284405955,68.21545516548946
28.339117301358094,71.68354018806735
27.210808537528063,61.01978957002211
28.751562320656433,30.435971563985227
26.978656858559944,72.8171632871295
28.223155432454906,63.70095989107169
26.913166846484245,59.372228828746934
28.233656366050752,44.41079733142421
29.71270942382747,50.64863873420225
28.89714853178964,37.990581451302766
29.340350986492314,74.56121698288835
26.723463150945676,55.53171839609564
26.84732175510148,48.07232910812045
27.07752719134793,45.44295007447239
25.975748720682287,38.10755293273155
28.44411441232674,76.02577282248578
29.34769977070986,79.66973325872817
27.712015092223112,65.34242087351844
28.27723485455071,60.030619718823786
28.078655806869715,43.00801941112665
27.17609240829331,57.912434095382224
27.84259225070178,53.09519612782316
25.208705618142115,59.795226224350955
27.12323514132398,65.98169915214606
27.522778518207375,32.85606923068893
25.778583004105368,40.22526086042439
26.643251897784758,48.423613154049505
26.322791521068805,76.22607441841008
29.1333504952304,31.790850221511707
27.65803308556742,31.10119301570813
27.541120991012804,66.11913975270105
26.862561270002864,31.08878282048196
26.454635951616645,79.90719159171564
26.877214731019457,50.81696143066622
26.760634384434848,48.966056426426874
24.787438026322434,61.754682701024464
25.693889103326217,62.77925524901653
28.86019146835161,73.98748182430622
24.932621424492744,34.385838595904836
26.754441569677677,77.88852432385548
25.198400960753798,46.53059508213666
26.14189862020453,41.70373884449427
27.739188998031043,73.92461671966589
25.303182140962736,36.19054395756811
25.443322389475416,32.2650819342696
26.307513461055137,69.02770322901709
25.087503923961222,40.95331159450663
24.55797083752797,57.899697883961345
24.211072014082305,30.576042067014725
25.974160363365456,57.813982320260095
27.714305200454568,41.6411188613479
26.380486286295643,77.67437681311941
24.24548548393972,52.00395616922705
25.882491115372563,49.02419359640715
25.036932055188927,33.37116252763606
24.771110153207978,76.67689193870825
26.07015615084043,38.324234758617486
25.647565212019394,48.12471021071229
25.25104688158029,43.37424403047315
26.93334410959942,78.99604006717183
25.13090954176069,36.341368675845985
25.64792278763028,33.89943984081373
26.27015206547751,35.251165872477564
24.313893572487782,38.49382056693027
25.08311962945301,72.87740848807272
23.319906126016363,47.62625887515193
25.48389245553423,77.62004749343836
25.815966653285084,50.9999102969213
23.62590986585704,62.17118517906179
25.307678685703557,34.21093684112189
23.27567924604974,30.95633582310929
23.795584318173486,36.63742426297307
25.035857576353955,79.42330391220253
23.655196966659847,40.27127891353304
23.93424009946418,34.49199155787446
23.669185207244528,57.4513292224794
23.925380773981335,32.428724029983776
23.35833450843728,44.042131599577175
23.141157450521245,68.68754148026423
24.28370250839589,41.476275031868724
25.74228426841498,66.24883809704755
23.415496994573918,66.70848638068597
24.07826886455546,38.728043896768085
25.43265798943028,70.25243145921405
23.609612258294646,39.00607716550058
23.928267531188826,30.129993537785673
24.41656531893944,34.63770542200601
25.081163194319114,75.77428855534404
24.192268968226646,34.47563197095083
21.162671722907078,44.75797870863676
24.979159865466332,77.99530813427444
24.046743439126967,30.62246379914816
22.9168563358959,56.19046246203395
23.01677986824472,52.12031652936146
23.104259168605434,33.511025798219606
21.463028811953453,30.869131659222123
22.267842275275054,47.59431170337935
23.41075170679576,50.27419226610091
23.73010856135765,49.58156579468898
23.442536732975643,45.5394614493363
23.527547318124928,36.928429879755186
23.837801150909694,38.55292597288577
23.77881054903873,51.636764231711126
23.809343432435618,46.9216290325608
24.308044996470382,78.11687417774823
23.00495610414015,73.73491176507754
22.292720116378256,68.45190320750307
22.734978887914586,38.551016915099794
23.73466677871882,70.75415482799339
22.98677463945221,51.95991750310709
23.481521211853583,61.952001432940015
22.44720214020131,79.27723862868359
22.81640551100063,61.85899322859379
22.106273245935594,63.4668220925678
22.749344796109774,67.560909523096
26.82678039168935,73.49166190725157
23.57303458960452,54.42431657688207
22.42960630523801,72.3954258935392
22.547419399573272,59.33964828296196
22.33453188731734,59.271669288697154
23.199138808500788,32.80556859135645
22.847222915502236,59.779820428054215
22.607260538084294,56.485980303710235
21.800045064983582,62.37006851107257
23.042152776640098,54.40187493278232
22.89125418774078,43.13719071403722
22.291809350938045,34.24497163337087
21.417783337058925,48.91177239266577
20.972898891045666,79.06411845665045
21.69258328873533,38.741348349753
22.08753487027619,35.348727007842896
23.543501626849924,54.51798581578274
21.0069175691329,44.373678533059035
21.591375367570567,49.071252432568926
21.4487601564992,78.9962083070881
19.94386835861568,65.66672251851853
21.13823244323542,73.83856933382364
21.716732407704715,39.3865804289311
21.627173807602475,59.45521243872486
19.909971663367873,50.49491215298127
19.751393054075447,58.416925247662945
20.73472365110838,79.82374243709744
20.65365738401978,43.51700735049549
21.961492687941718,36.267668239810725
22.233269352939672,51.22732224294896
21.02719531540251,41.79352875331591
20.78241590667156,71.84798408246164
20.628478876154976,39.787481819625064
21.37402558825649,43.06966256522967
19.587567676908886,34.1913988821
22.299096221759065,54.10385955559897
18.804041414527852,74.78617013815479
21.098106345407867,78.2466305155682
19.492432542449198,76.80878175976068
22.499639157132318,38.97106824760199
20.442692375464723,54.2360770882929
18.64173389839276,46.168396781714364
21.379633806553315,78.0874565959393
18.968086085216797,62.40608902039155
21.22732908444221,38.94577116643734
21.173216914119305,56.04915260570634
21.278397488023604,46.83539500848795
17.844650289996178,78.23789980951517
19.495406058288737,51.02064570841314
20.54262536898338,79.58607349832172
21.00356296671641,50.65172648339683
20.16385223652401,77.08623246814159
21.490733197491195,51.06706630406674
20.069135745501114,40.98312104726594
17.502087674723615,58.73488365459607
20.092067060045512,44.40195454623218
19.42353527414303,37.85092261908548
19.3857571311604,37.21825599655447
18.060443783892353,51.52814186092094
18.641452009687686,43.74201423793584
20.25096580727324,52.35721352579111
20.605289616288445,42.05422458280512
20.637315400123995,53.42381275288414
17.866711519505298,66.70180717326576
17.973684849873667,50.65874202487065
19.392385440122776,30.032915868986954
20.80365693472181,42.61007656785155
19.732241778017755,68.13652337169967
18.915525810352975,47.03527028166461
18.66181660165742,33.09761296128002
18.079895782410148,75.34139330670514
20.237012862798803,69.09619101293168
20.04713062137766,56.437380373366935
19.47373345604018,54.39146678669481
21.21308644676824,32.319532929400545
18.264522110103663,58.033557031617164
20.44248289361552,45.643801474266034
18.982837090004576,48.760697561568904
20.56316219032496,59.251315418464095
18.49543526961213,63.74548330465787
17.915384353513286,38.359879204506825
19.355158692634056,66.74527864063083
19.17295344419686,46.55115371985542
18.32501484876874,67.77038091544841
18.38888971420001,41.23936645531029
18.892597315104368,76.5921422404229
18.509010056277113,43.633252947993384
18.109703561908233,55.706163376821266
19.9176741439684,55.266426795889856
17.877547259819295,32.635432524565566
17.834937648537483,69.15444098815598
17.597551208847914,32.246151471494144
18.98254604590944,56.39693479696
19.02080858864073,69.67219562767869
19.182611700680116,79.69028543404042
19.315931528195335,54.009995542136885
17.327992601258195,40.110179063910536
19.890155600371223,42.727344796201635
19.061681212728665,55.853200597665044
20.258611233236376,76.47699123534781
18.789071465847243,70.37858766796788
20.60727468526774,63.80818302255434
17.326288592358416,71.64100135977156
17.500643413861244,52.21431195595449
17.38888031853999,73.41426993731851
18.432104115873763,74.20473492801383
16.9865921772246,40.003581546637506
18.790186633381488,59.10589138289697
18.89627717109277,55.095101501839565
16.888891182430573,53.622621756386756
18.7886328662046,48.710467340059324
17.230000181168016,53.724273069187845
17.547053366975312,75.20852250109891
17.649309760937033,62.665457807180566
20.583882734284902,49.08302881323318
16.27082881318129,69.89867515112269
16.650570061986368,50.84894598845388
17.57481453578676,78.00400882273331
18.33175283187173,35.71440846743948
16.304587147773073,76.00891708034683
18.777364452493543,70.25383674514691
16.991497194883596,67.61154699141792
17.57422312676036,51.66941282989042
18.151309044227,73.78094874551142
18.269911750277828,40.58724874706594
17.95728645621995,47.46520323916381
19.344295783150432,78.85085659874944
18.63438315010763,52.244085580841045
20.345585095280672,59.42571170823584
17.801967105917686,31.22081448887187
18.172853365452696,69.6484609623994
17.835869181034862,33.746204579451046
18.358145972352197,37.83139556853489
18.12641588195577,67.71383114688942
18.11890204682812,66.79140952072767
17.736629134902874,66.72534563662364
16.310455489215176,45.934113724241804
19.2095975429465,63.40789173490989
16.442397364863602,46.183723858680665
19.50757534005912,35.94505812140177
19.26029624463154,73.09771347336476
18.369787453171302,78.75812508359594
18.293266798206933,61.99304393220565
17.293780901446528,66.37327012013088
18.157377039066596,39.70601333688834
18.49806530354095,53.42312552549929
17.46014714202345,33.75273596550406
18.151864268343385,40.84015694792312
18.087849835355726,73.08807643286724
17.140278041300142,69.3032174057474
17.58985018079325,62.0271290347227
18.306658158559806,45.46926154226263
19.01115071077715,30.944680728767764
16.520197979653542,51.317164512305126
18.021410504088752,41.60400649967421
17.675140986496395,56.498492547295115
17.107386456900883,77.3345546639752
19.277733631747438,71.50368112884152
18.590595380506738,68.72632155200688
19.108370235243385,51.14449029274427
18.180877300443427,38.16803554793851
18.275515384906726,33.80330777036019
19.278227252317716,31.3906783065393
16.262040185510465,77.3038742033184
18.052915619250744,42.827547182017064
16.93431332177587,76.64540692106902
20.44981000615053,60.04266928944327
18.88594192583524,33.78752088344774
18.53186311070213,52.9526649969983
16.742828842629766,32.01225422746282
19.337289962752745,51.23541068705029
18.155393509814317,41.11484165569638
16.969220879149116,41.32578272061266
16.40457198328299,63.93438275193888
18.5927342015611,78.54050355317686
19.156055006004795,72.01128902638446
17.56457850362425,51.6884512603405
18.695962505649046,64.43798391096789
17.979170314025318,55.583939751366856
17.748023528512622,34.11641894268354
17.317339222812425,41.51969091101867
17.767950979782,76.49586641263784
15.983460914308713,35.870209969888826
19.162037825770284,41.98928562106814
18.73942984882659,66.37575699138793
17.450443536571328,43.35116096252234
18.49933849225757,55.577839789750314
19.213692054286337,50.669448113027286
16.770135898332196,79.88579149872264
18.43343755085031,37.81270859123675
18.105935216224353,46.34691810908062
17.924112974593044,50.17693197053561
19.519255617558194,54.71170326098908
17.89611834782654,32.28592406762931
17.272660807132727,34.13104179772535
18.45952256214471,77.37287002856687
18.36164597294336,47.871972556215184
20.35945511615117,72.73017863267259
18.564867481791442,48.793738019714006
17.61960639251895,48.364097846781846
17.85149937426644,64.47472599735127
18.46341109554123,33.85415415956602
18.91146725944349,78.89098641602706
21.581238254007665,32.501452961833635
20.39348806894174,37.84924947535093
19.238562987952132,34.458096205147044
18.00640142996005,55.932891169979406
19.326270847117453,74.87688079857503
18.64808499041358,69.56741754640433
20.55862351648478,58.37214616658515
20.885226784711676,72.59403682374781
19.636440325683065,76.95414916267947
19.61818494715205,71.05068551547953
17.849576735086337,38.477126439394205
19.055899825829254,76.04285621023585
18.820865885505427,72.50395117809909
17.859465294894974,31.79070343587386
18.827257525671463,62.89482082380878
19.10446888644418,46.10981162809969
18.997538231496915,35.688708426163316
20.27832048524123,67.50219591844635
18.197046451367804,53.49644789649699
16.83985784296833,50.1074837383312
20.02022451244557,34.66339064473234
18.93581170007803,62.9009172165049
20.66664347464706,67.14023606136683
18.863410881331767,44.00193408954721
18.908270347579986,61.10340212961809
20.966587211691326,45.784774247137264
18.74768937032112,79.4711604333659
19.932569297827033,30.104594078865293
19.661510095347452,51.54949573632081
19.173389746443686,54.602564937512014
21.903416753148925,70.26459385368892
21.60579766926509,68.69853962484807
18.74844228974301,70.16920007769491
19.099527863386704,75.68965755295127
20.650232650082224,48.097480415579895
21.44324793322378,37.98484111525757
19.711995374035006,66.23211878954217
20.27373703234332,41.041143480155434
19.52926973613472,68.47238168552485
20.700779704830072,46.616223289593606
20.02505392628831,39.19371844966208
20.919146283178,36.21509101447318
21.62730553978112,30.27263301802765
21.06024739651061,55.26044468213446
19.534171026295347,58.921596691353855
22.35081962848013,40.745164726795856
20.87933171585552,53.844801023701834
21.546669310520816,31.90268010899081
20.482834068448955,49.31208973355999
19.327346848910086,52.073252270401404
19.7700029537612,52.99911488369274
20.191018455981563,65.65693079270275
20.76273814764057,44.33211491949895
21.31305560100953,59.9578286055588
19.73178998819085,75.91009368024073
20.393351070936966,46.0284070125405
22.164149608088664,74.6771045865151
21.466601053001945,69.82051815089419
20.99773159634833,31.031587932718846
22.98050219956785,65.83970545150824
21.011636799140767,51.4319409393336
22.756405825839803,65.32890085984835
20.911928415495158,52.127007615532335
21.673542749355693,35.85951511789891
19.59517134675044,45.3776272647493
22.968630464904283,66.80356209886625
20.868673889471918,78.51066160734983
21.159678417544892,48.65430734002432
20.150894039085998,37.72866639699272
23.01454623606661,76.4520287039266
22.28780498913849,42.182616962765564
21.474649034383578,58.47554932161458
20.362067638457685,64.43918332731556
22.683186696164668,35.175676432961964
22.507870523217612,53.78337407471889
21.52675721396385,50.47242478183062
22.74504127295178,73.2035496810167
23.69838560132193,36.16787236906396
22.16887361756946,69.76091406098942
23.051032482900858,31.976709620652322
22.398877087927254,62.58559868122508
21.68916351155273,59.38794451223567
21.9952227514035,30.78397104495841
22.346516477383318,78.68149479949159
22.164370608574334,55.7270657533991
21.387519955974717,79.94234893356712
22.61609420218968,36.70369384240745
23.50546502819767,77.70933935500068
22.121234497568096,70.20143299431733
22.63851563486088,40.030161112032324
23.718645697978864,72.07315940238013
23.643307795381393,47.13927399878712
21.447165452087745,36.280438825142014
21.070445602420655,34.04136581481889
22.906796614105613,57.75759978550333
22.997511279347073,43.65967990152324
23.04450398198876,41.59226799617943
23.06219353288382,54.63667615016885
21.59195170792756,31.490285671693588
22.66232710975842,48.84309880906292
21.834298758533887,53.221768368008426
23.789064496287395,75.71953786269597
22.780416087626342,75.47548395067847
24.16952775938768,42.84903638830814
23.55502996497946,62.004128051421624
24.122364488950662,47.57464333483945
24.15463199589863,52.85813718215093
21.269271365623606,63.411308459011494
22.24781229929261,59.845499129552934
23.202394584848857,52.7605451715652
22.210722389755656,47.97021205413354
22.201190397214226,70.80155131856085
24.388212908433985,64.30243892124341
22.029758638931753,73.59250521650577
23.866338720555756,42.166247777293265
24.247393896235433,70.70202125452163
25.50694649211547,69.13561613947266
